#Organism Name,Organism Groups,Strain,BioSample,BioProject,Assembly,Level,Size(Mb),GC%,Replicons,WGS,Scaffolds,CDS,Release Date,GenBank FTP,RefSeq FTP,x
Neisseria meningitidis,Bacteria;Proteobacteria;Betaproteobacteria,NCTC10025,SAMEA104307683,PRJEB6403,GCA_900638555.1,Complete,2.1861,51.9,chromosome 1:NZ_LR134525.1/LR134525.1,,1,1949,2018-12-19T00:00:00Z,ftp://ftp.ncbi.nlm.nih.gov/genomes/all/GCA/900/638/555/GCA_900638555.1_58116_A01,ftp://ftp.ncbi.nlm.nih.gov/genomes/all/GCF/900/638/555/GCF_900638555.1_58116_A01,x
Burkholderia cenocepacia J2315,Bacteria;Proteobacteria;Betaproteobacteria,J2315,SAMEA1705928,PRJNA339,GCA_000009485.1,Complete,8.05578,66.9165,chromosome 1:NC_011000.1/AM747720.1; chromosome 2:NC_011001.1/AM747721.1; chromosome 3:NC_011002.1/AM747722.1; plasmid pBCJ2315:NC_011003.1/AM747723.1,,4,7199,2008-06-19T00:00:00Z,ftp://ftp.ncbi.nlm.nih.gov/genomes/all/GCA/000/009/485/GCA_000009485.1_ASM948v1,ftp://ftp.ncbi.nlm.nih.gov/genomes/all/GCF/000/009/485/GCF_000009485.1_ASM948v1,x
Burkholderia pseudomallei MSHR2543,Bacteria;Proteobacteria;Betaproteobacteria,MSHR2543,SAMN03074056,PRJNA238257,GCA_000959225.1,Complete,7.44657,67.9014,chromosome I:NZ_CP009478.1/CP009478.1; chromosome II:NZ_CP009477.1/CP009477.1,,2,6378,2015-03-20T00:00:00Z,ftp://ftp.ncbi.nlm.nih.gov/genomes/all/GCA/000/959/225/GCA_000959225.1_ASM95922v1,ftp://ftp.ncbi.nlm.nih.gov/genomes/all/GCF/000/959/225/GCF_000959225.1_ASM95922v1,x
Burkholderia mallei ATCC 23344,Bacteria;Proteobacteria;Betaproteobacteria,ATCC 23344,SAMN02603987,PRJNA171,GCA_000011705.1,Complete,5.83553,68.5188,chromosome 1:NC_006348.1/CP000010.1; chromosome 2:NC_006349.2/CP000011.2,,2,4929,2004-09-22T00:00:00Z,ftp://ftp.ncbi.nlm.nih.gov/genomes/all/GCA/000/011/705/GCA_000011705.1_ASM1170v1,ftp://ftp.ncbi.nlm.nih.gov/genomes/all/GCF/000/011/705/GCF_000011705.1_ASM1170v1,x
Ralstonia solanacearum GMI1000,Bacteria;Proteobacteria;Betaproteobacteria,GMI1000,SAMEA3138192,PRJNA13,GCA_000009125.1,Complete,5.81092,66.964,chromosome:NC_003295.1/AL646052.1; chromosome pGMI1000MP:NC_003296.1/AL646053.1,,2,4934,2001-12-07T00:00:00Z,ftp://ftp.ncbi.nlm.nih.gov/genomes/all/GCA/000/009/125/GCA_000009125.1_ASM912v1,ftp://ftp.ncbi.nlm.nih.gov/genomes/all/GCF/000/009/125/GCF_000009125.1_ASM912v1,x
Cupriavidus pinatubonensis JMP134,Bacteria;Proteobacteria;Betaproteobacteria,JMP134,SAMN02598255,PRJNA10646,GCA_000203875.1,Complete,7.25529,64.4539,chromosome 1:NC_007347.1/CP000090.1; chromosome 2:NC_007348.1/CP000091.1; plasmid Plasmid1:NC_007337.1/CP000093.1; plasmid megaplasmid:NC_007336.1/CP000092.1,,4,6487,2005-08-10T00:00:00Z,ftp://ftp.ncbi.nlm.nih.gov/genomes/all/GCA/000/203/875/GCA_000203875.1_ASM20387v1,ftp://ftp.ncbi.nlm.nih.gov/genomes/all/GCF/000/203/875/GCF_000203875.1_ASM20387v1,x
Delftia acidovorans SPH-1,Bacteria;Proteobacteria;Betaproteobacteria,SPH-1,SAMN00623041,PRJNA17413,GCA_000018665.1,Complete,6.76751,66.5,chromosome:NC_010002.1/CP000884.1,,1,6085,2007-11-16T00:00:00Z,ftp://ftp.ncbi.nlm.nih.gov/genomes/all/GCA/000/018/665/GCA_000018665.1_ASM1866v1,ftp://ftp.ncbi.nlm.nih.gov/genomes/all/GCF/000/018/665/GCF_000018665.1_ASM1866v1,x
Ralstonia pickettii 12J,Bacteria;Proteobacteria;Betaproteobacteria,12J,SAMN02598396,PRJNA17631,GCA_000020205.1,Complete,5.32573,63.6234,chromosome 1:NC_010682.1/CP001068.1; chromosome 2:NC_010678.1/CP001069.1; plasmid pRPIC01:NC_010683.1/CP001070.1,,3,4853,2008-05-07T00:00:00Z,ftp://ftp.ncbi.nlm.nih.gov/genomes/all/GCA/000/020/205/GCA_000020205.1_ASM2020v1,ftp://ftp.ncbi.nlm.nih.gov/genomes/all/GCF/000/020/205/GCF_000020205.1_ASM2020v1,x
Burkholderia thailandensis E264,Bacteria;Proteobacteria;Betaproteobacteria,E264 ATCC 700388,SAMN02604021,PRJNA10774,GCA_000012365.1,Complete,6.72397,67.6468,chromosome I:NC_007651.1/CP000086.1; chromosome II:NC_007650.1/CP000085.1,,2,5656,2005-12-15T00:00:00Z,ftp://ftp.ncbi.nlm.nih.gov/genomes/all/GCA/000/012/365/GCA_000012365.1_ASM1236v1,ftp://ftp.ncbi.nlm.nih.gov/genomes/all/GCF/000/012/365/GCF_000012365.1_ASM1236v1,x
Burkholderia oklahomensis C6786,Bacteria;Proteobacteria;Betaproteobacteria,C6786,SAMN03075637,PRJNA238548,GCA_000959365.1,Complete,7.13502,67.0684,chromosome I:NZ_CP009555.1/CP009555.1; chromosome II:NZ_CP009556.1/CP009556.1,,2,6081,2015-03-20T00:00:00Z,ftp://ftp.ncbi.nlm.nih.gov/genomes/all/GCA/000/959/365/GCA_000959365.1_ASM95936v1,ftp://ftp.ncbi.nlm.nih.gov/genomes/all/GCF/000/959/365/GCF_000959365.1_ASM95936v1,x
Burkholderia multivorans ATCC BAA-247,Bacteria;Proteobacteria;Betaproteobacteria,ATCC BAA-247,SAMN03140189,PRJNA264318,GCA_000959525.1,Complete,6.32275,67.2008,chromosome 1:NZ_CP009832.1/CP009832.1; chromosome 2:NZ_CP009831.1/CP009831.1; chromosome 3:NZ_CP009830.1/CP009830.1,,3,5584,2015-03-20T00:00:00Z,ftp://ftp.ncbi.nlm.nih.gov/genomes/all/GCA/000/959/525/GCA_000959525.1_ASM95952v1,ftp://ftp.ncbi.nlm.nih.gov/genomes/all/GCF/000/959/525/GCF_000959525.1_ASM95952v1,x
Burkholderia ambifaria AMMD,Bacteria;Proteobacteria;Betaproteobacteria,AMMD,SAMN02598309,PRJNA13490,GCA_000203915.1,Complete,7.52857,66.7904,chromosome 1:NC_008390.1/CP000440.1; chromosome 2:NC_008391.1/CP000441.1; chromosome 3:NC_008392.1/CP000442.1; plasmid Plasmid1:NC_008385.1/CP000443.1,,4,6551,2006-09-21T00:00:00Z,ftp://ftp.ncbi.nlm.nih.gov/genomes/all/GCA/000/203/915/GCA_000203915.1_ASM20391v1,ftp://ftp.ncbi.nlm.nih.gov/genomes/all/GCF/000/203/915/GCF_000203915.1_ASM20391v1,x
Comamonas testosteroni TK102,Bacteria;Proteobacteria;Betaproteobacteria,TK102,SAMN03081477,PRJNA216961,GCA_000739375.1,Complete,6.0627,61.9,chromosome:NZ_CP006704.1/CP006704.1,,1,5293,2014-08-14T00:00:00Z,ftp://ftp.ncbi.nlm.nih.gov/genomes/all/GCA/000/739/375/GCA_000739375.1_ASM73937v1,ftp://ftp.ncbi.nlm.nih.gov/genomes/all/GCF/000/739/375/GCF_000739375.1_ASM73937v1,x
Neisseria gonorrhoeae,Bacteria;Proteobacteria;Betaproteobacteria,WHO F,SAMEA2448460,PRJEB14020,GCA_900087635.2,Complete,2.29247,52.1,chromosome 1:NZ_LT591897.1/LT591897.1,,1,2138,2016-09-15T00:00:00Z,ftp://ftp.ncbi.nlm.nih.gov/genomes/all/GCA/900/087/635/GCA_900087635.2_WHOF,ftp://ftp.ncbi.nlm.nih.gov/genomes/all/GCF/900/087/635/GCF_900087635.2_WHOF,x
Burkholderia glumae LMG 2196 = ATCC 33617,Bacteria;Proteobacteria;Betaproteobacteria,ATCC 33617,SAMN03012983,PRJNA259679,GCA_000960995.1,Complete,6.82073,68.1733,chromosome I:NZ_CP009435.1/CP009435.1; chromosome II:NZ_CP009434.1/CP009434.1; plasmid pBIN_1:NZ_CP009433.1/CP009433.1; plasmid pBIN_2:NZ_CP009432.1/CP009432.1,,4,5738,2015-03-24T00:00:00Z,ftp://ftp.ncbi.nlm.nih.gov/genomes/all/GCA/000/960/995/GCA_000960995.1_ASM96099v1,ftp://ftp.ncbi.nlm.nih.gov/genomes/all/GCF/000/960/995/GCF_000960995.1_ASM96099v1,x
Bordetella bronchiseptica,Bacteria;Proteobacteria;Betaproteobacteria,FDAARGOS_176,SAMN03996258,PRJNA231221,GCA_001559055.2,Complete,5.33923,68.1,chromosome:NZ_CP014013.1/CP014013.2,,1,4939,2016-02-11T00:00:00Z,ftp://ftp.ncbi.nlm.nih.gov/genomes/all/GCA/001/559/055/GCA_001559055.2_ASM155905v2,ftp://ftp.ncbi.nlm.nih.gov/genomes/all/GCF/001/559/055/GCF_001559055.1_ASM155905v2,x
Bordetella parapertussis,Bacteria;Proteobacteria;Betaproteobacteria,Bpp01,SAMD00146597,PRJDB7578,GCA_004323615.1,Complete,4.78708,68.1,chromosome:NZ_AP019378.1/AP019378.1,,1,4159,2018-12-28T00:00:00Z,ftp://ftp.ncbi.nlm.nih.gov/genomes/all/GCA/004/323/615/GCA_004323615.1_ASM432361v1,ftp://ftp.ncbi.nlm.nih.gov/genomes/all/GCF/004/323/615/GCF_004323615.1_ASM432361v1,x
Bordetella pertussis 18323,Bacteria;Proteobacteria;Betaproteobacteria,18323,SAMEA2272749,PRJEB144,GCA_000306945.1,Complete,4.04385,67.7,chromosome:NC_018518.1/HE965805.1,,1,3506,2012-08-20T00:00:00Z,ftp://ftp.ncbi.nlm.nih.gov/genomes/all/GCA/000/306/945/GCA_000306945.1_ASM30694v1,ftp://ftp.ncbi.nlm.nih.gov/genomes/all/GCF/000/306/945/GCF_000306945.1_ASM30694v1,x
Nitrosomonas europaea ATCC 19718,Bacteria;Proteobacteria;Betaproteobacteria,ATCC 19718,SAMEA3138193,PRJNA52,GCA_000009145.1,Complete,2.81209,50.7,chromosome:NC_004757.1/AL954747.1,,1,2496,2003-04-24T00:00:00Z,ftp://ftp.ncbi.nlm.nih.gov/genomes/all/GCA/000/009/145/GCA_000009145.1_ASM914v1,ftp://ftp.ncbi.nlm.nih.gov/genomes/all/GCF/000/009/145/GCF_000009145.1_ASM914v1,x
Cupriavidus metallidurans CH34,Bacteria;Proteobacteria;Betaproteobacteria,CH34,SAMN02598450,PRJNA250,GCA_000196015.1,Complete,6.91335,63.5184,chromosome:NC_007973.1/CP000352.1; plasmid megaplasmid:NC_007974.2/CP000353.2; plasmid pMOL28:NC_007972.2/CP000355.2; plasmid pMOL30:NC_007971.2/CP000354.2,,4,6163,2006-04-26T00:00:00Z,ftp://ftp.ncbi.nlm.nih.gov/genomes/all/GCA/000/196/015/GCA_000196015.1_ASM19601v1,ftp://ftp.ncbi.nlm.nih.gov/genomes/all/GCF/000/196/015/GCF_000196015.1_ASM19601v1,x
Paraburkholderia xenovorans LB400,Bacteria;Proteobacteria;Betaproteobacteria,LB400,SAMN02598451,PRJNA254,GCA_000013645.1,Complete,9.73114,62.6336,chromosome 1:NC_007951.1/CP000270.1; chromosome 2:NC_007952.1/CP000271.1; chromosome 3:NC_007953.1/CP000272.1,,3,8400,2006-04-10T00:00:00Z,ftp://ftp.ncbi.nlm.nih.gov/genomes/all/GCA/000/013/645/GCA_000013645.1_ASM1364v1,ftp://ftp.ncbi.nlm.nih.gov/genomes/all/GCF/000/013/645/GCF_000013645.1_ASM1364v1,x
Bordetella avium 197N,Bacteria;Proteobacteria;Betaproteobacteria,197N,SAMEA1705952,PRJNA27,GCA_000070465.1,Complete,3.73225,61.6,chromosome:NC_010645.1/AM167904.1,,1,3299,2006-02-01T00:00:00Z,ftp://ftp.ncbi.nlm.nih.gov/genomes/all/GCA/000/070/465/GCA_000070465.1_ASM7046v1,ftp://ftp.ncbi.nlm.nih.gov/genomes/all/GCF/000/070/465/GCF_000070465.1_ASM7046v1,x
Chromobacterium violaceum ATCC 12472,Bacteria;Proteobacteria;Betaproteobacteria,ATCC 12472,SAMN02603528,PRJNA444,GCA_000007705.1,Complete,4.75108,64.8,chromosome:NC_005085.1/AE016825.1,,1,4314,2003-08-22T00:00:00Z,ftp://ftp.ncbi.nlm.nih.gov/genomes/all/GCA/000/007/705/GCA_000007705.1_ASM770v1,ftp://ftp.ncbi.nlm.nih.gov/genomes/all/GCF/000/007/705/GCF_000007705.1_ASM770v1,x
Methylobacillus flagellatus KT,Bacteria;Proteobacteria;Betaproteobacteria,KT,SAMN02598256,PRJNA10647,GCA_000013705.1,Complete,2.97152,55.7,chromosome:NC_007947.1/CP000284.1,,1,2715,2006-04-10T00:00:00Z,ftp://ftp.ncbi.nlm.nih.gov/genomes/all/GCA/000/013/705/GCA_000013705.1_ASM1370v1,ftp://ftp.ncbi.nlm.nih.gov/genomes/all/GCF/000/013/705/GCF_000013705.1_ASM1370v1,x
Burkholderia vietnamiensis LMG 10929,Bacteria;Proteobacteria;Betaproteobacteria,LMG 10929,SAMN03107475,PRJNA235223,GCA_000959445.1,Complete,6.9305,66.8371,chromosome I:NZ_CP009631.1/CP009631.1; chromosome II:NZ_CP009630.1/CP009630.1; chromosome III:NZ_CP009632.1/CP009632.1; plasmid pBVB_1:NZ_CP009629.1/CP009629.1,,4,6009,2015-03-20T00:00:00Z,ftp://ftp.ncbi.nlm.nih.gov/genomes/all/GCA/000/959/445/GCA_000959445.1_ASM95944v1,ftp://ftp.ncbi.nlm.nih.gov/genomes/all/GCF/000/959/445/GCF_000959445.1_ASM95944v1,x
Methylibium petroleiphilum PM1,Bacteria;Proteobacteria;Betaproteobacteria,PM1,SAMN02598264,PRJNA10789,GCA_000015725.1,Complete,4.64364,68.7869,chromosome:NC_008825.1/CP000555.1; plasmid RPME01:NC_008826.1/CP000556.1,,2,4423,2007-01-29T00:00:00Z,ftp://ftp.ncbi.nlm.nih.gov/genomes/all/GCA/000/015/725/GCA_000015725.1_ASM1572v1,ftp://ftp.ncbi.nlm.nih.gov/genomes/all/GCF/000/015/725/GCF_000015725.1_ASM1572v1,x
Thiobacillus denitrificans ATCC 25259,Bacteria;Proteobacteria;Betaproteobacteria,ATCC 25259,SAMN02598291,PRJNA13025,GCA_000012745.1,Complete,2.90981,66.1,chromosome:NC_007404.1/CP000116.1,,1,2789,2005-09-01T00:00:00Z,ftp://ftp.ncbi.nlm.nih.gov/genomes/all/GCA/000/012/745/GCA_000012745.1_ASM1274v1,ftp://ftp.ncbi.nlm.nih.gov/genomes/all/GCF/000/012/745/GCF_000012745.1_ASM1274v1,x
Aromatoleum aromaticum EbN1,Bacteria;Proteobacteria;Betaproteobacteria,EbN1,SAMEA3138218,PRJNA13242,GCA_000025965.1,Complete,4.72726,64.6764,chromosome:NC_006513.1/CR555306.1; plasmid 1:NC_006823.1/CR555307.1; plasmid 2:NC_006824.1/CR555308.1,,3,4334,2004-12-02T00:00:00Z,ftp://ftp.ncbi.nlm.nih.gov/genomes/all/GCA/000/025/965/GCA_000025965.1_ASM2596v1,ftp://ftp.ncbi.nlm.nih.gov/genomes/all/GCF/000/025/965/GCF_000025965.1_ASM2596v1,x
Polaromonas naphthalenivorans CJ2,Bacteria;Proteobacteria;Betaproteobacteria,CJ2,SAMN02598302,PRJNA13418,GCA_000015505.1,Complete,5.36614,61.6566,chromosome:NC_008781.1/CP000529.1; plasmid pPNAP01:NC_008757.1/CP000530.1; plasmid pPNAP02:NC_008758.1/CP000531.1; plasmid pPNAP03:NC_008759.1/CP000532.1; plasmid pPNAP04:NC_008760.1/CP000533.1; plasmid pPNAP05:NC_008761.1/CP000534.1; plasmid pPNAP06:NC_008762.1/CP000535.1; plasmid pPNAP07:NC_008763.1/CP000536.1; plasmid pPNAP08:NC_008764.1/CP000537.1,,9,4919,2007-01-04T00:00:00Z,ftp://ftp.ncbi.nlm.nih.gov/genomes/all/GCA/000/015/505/GCA_000015505.1_ASM1550v1,ftp://ftp.ncbi.nlm.nih.gov/genomes/all/GCF/000/015/505/GCF_000015505.1_ASM1550v1,x
Herminiimonas arsenicoxydans,Bacteria;Proteobacteria;Betaproteobacteria,,SAMEA3138226,PRJNA13467,GCA_000026125.1,Complete,3.42431,54.3,chromosome:NC_009138.1/CU207211.1,,1,3186,2007-03-13T00:00:00Z,ftp://ftp.ncbi.nlm.nih.gov/genomes/all/GCA/000/026/125/GCA_000026125.1_ASM2612v1,ftp://ftp.ncbi.nlm.nih.gov/genomes/all/GCF/000/026/125/GCF_000026125.1_ASM2612v1,x
Neisseria lactamica 020-06,Bacteria;Proteobacteria;Betaproteobacteria,020-06,SAMEA3138337,PRJNA13472,GCA_000196295.1,Complete,2.22061,52.3,chromosome:NC_014752.1/FN995097.1,,1,2011,2010-11-30T00:00:00Z,ftp://ftp.ncbi.nlm.nih.gov/genomes/all/GCA/000/196/295/GCA_000196295.1_ASM19629v1,ftp://ftp.ncbi.nlm.nih.gov/genomes/all/GCF/000/196/295/GCF_000196295.1_ASM19629v1,x
Rhodoferax ferrireducens T118,Bacteria;Proteobacteria;Betaproteobacteria,DSM 15236,SAMN02598320,PRJNA13908,GCA_000013605.1,Complete,4.96978,59.6151,chromosome:NC_007908.1/CP000267.1; plasmid plasmid1:NC_007901.1/CP000268.1,,2,4496,2006-03-10T00:00:00Z,ftp://ftp.ncbi.nlm.nih.gov/genomes/all/GCA/000/013/605/GCA_000013605.1_ASM1360v1,ftp://ftp.ncbi.nlm.nih.gov/genomes/all/GCF/000/013/605/GCF_000013605.1_ASM1360v1,x
Nitrosospira multiformis ATCC 25196,Bacteria;Proteobacteria;Betaproteobacteria,ATCC 25196,SAMN02598322,PRJNA13912,GCA_000196355.1,Complete,3.23431,53.835,chromosome:NC_007614.1/CP000103.1; plasmid 1:NC_007615.1/CP000104.1; plasmid 2:NC_007616.1/CP000105.1; plasmid 3:NC_007617.1/CP000106.1,,4,2758,2005-11-15T00:00:00Z,ftp://ftp.ncbi.nlm.nih.gov/genomes/all/GCA/000/196/355/GCA_000196355.1_ASM19635v1,ftp://ftp.ncbi.nlm.nih.gov/genomes/all/GCF/000/196/355/GCF_000196355.1_ASM19635v1,x
Nitrosomonas eutropha C91,Bacteria;Proteobacteria;Betaproteobacteria,C91,SAMN02598323,PRJNA13913,GCA_000014765.1,Complete,2.78182,48.5544,chromosome:NC_008344.1/CP000450.1; plasmid Plasmid1:NC_008341.1/CP000451.1; plasmid Plasmid2:NC_008342.1/CP000452.1,,3,2524,2006-09-13T00:00:00Z,ftp://ftp.ncbi.nlm.nih.gov/genomes/all/GCA/000/014/765/GCA_000014765.1_ASM1476v1,ftp://ftp.ncbi.nlm.nih.gov/genomes/all/GCF/000/014/765/GCF_000014765.1_ASM1476v1,x
Herbaspirillum seropedicae,Bacteria;Proteobacteria;Betaproteobacteria,Z67,SAMN03779333,PRJNA287245,GCA_001040945.1,Complete,5.50972,63.4,chromosome:NZ_CP011930.1/CP011930.1,,1,4762,2015-06-26T00:00:00Z,ftp://ftp.ncbi.nlm.nih.gov/genomes/all/GCA/001/040/945/GCA_001040945.1_ASM104094v1,ftp://ftp.ncbi.nlm.nih.gov/genomes/all/GCF/001/040/945/GCF_001040945.1_ASM104094v1,x
Cupriavidus taiwanensis LMG 19424,Bacteria;Proteobacteria;Betaproteobacteria,LMG 19424,SAMEA3138280,PRJNA15733,GCA_000069785.1, Chromosome,6.47652,66.9835,chromosome 1:NC_010528.1/CU633749.1; chromosome 2:NC_010530.1/CU633750.1; plasmid pRALTA:NC_010529.1/CU633751.1,,3,5678,2008-03-26T00:00:00Z,ftp://ftp.ncbi.nlm.nih.gov/genomes/all/GCA/000/069/785/GCA_000069785.1_ASM6978v1,ftp://ftp.ncbi.nlm.nih.gov/genomes/all/GCF/000/069/785/GCF_000069785.1_ASM6978v1,x
Collimonas fungivorans,Bacteria;Proteobacteria;Betaproteobacteria,Ter6,SAMN04195674,PRJNA299268,GCA_001584145.1,Complete,5.59973,59,chromosome:NZ_CP013232.1/CP013232.1,,1,4810,2016-03-09T00:00:00Z,ftp://ftp.ncbi.nlm.nih.gov/genomes/all/GCA/001/584/145/GCA_001584145.1_ASM158414v1,ftp://ftp.ncbi.nlm.nih.gov/genomes/all/GCF/001/584/145/GCF_001584145.1_ASM158414v1,x
Burkholderia dolosa AU0158,Bacteria;Proteobacteria;Betaproteobacteria,AU0158,SAMN03144971,PRJNA235220,GCA_000959505.1,Complete,6.40909,67.0353,chromosome 1:NZ_CP009795.1/CP009795.1; chromosome 2:NZ_CP009793.1/CP009793.1; chromosome 3:NZ_CP009794.1/CP009794.1,,3,5592,2015-03-20T00:00:00Z,ftp://ftp.ncbi.nlm.nih.gov/genomes/all/GCA/000/959/505/GCA_000959505.1_ASM95950v1,ftp://ftp.ncbi.nlm.nih.gov/genomes/all/GCF/000/959/505/GCF_000959505.1_ASM95950v1,x
Ramlibacter tataouinensis TTB310,Bacteria;Proteobacteria;Betaproteobacteria,TTB310,SAMN02603053,PRJNA16294,GCA_000215705.1,Complete,4.07019,70,chromosome:NC_015677.1/CP000245.1,,1,3894,2011-06-03T00:00:00Z,ftp://ftp.ncbi.nlm.nih.gov/genomes/all/GCA/000/215/705/GCA_000215705.1_ASM21570v1,ftp://ftp.ncbi.nlm.nih.gov/genomes/all/GCF/000/215/705/GCF_000215705.1_ASM21570v1,x
Polynucleobacter necessarius STIR1,Bacteria;Proteobacteria;Betaproteobacteria,STIR1,SAMN02598428,PRJNA19991,GCA_000019745.1,Complete,1.56047,45.6,chromosome:NC_010531.1/CP001010.1,,1,1315,2008-03-28T00:00:00Z,ftp://ftp.ncbi.nlm.nih.gov/genomes/all/GCA/000/019/745/GCA_000019745.1_ASM1974v1,ftp://ftp.ncbi.nlm.nih.gov/genomes/all/GCF/000/019/745/GCF_000019745.1_ASM1974v1,x
Verminephrobacter eiseniae EF01-2,Bacteria;Proteobacteria;Betaproteobacteria,EF01-2,SAMN02598379,PRJNA17187,GCA_000015565.1,Complete,5.59794,65.2627,chromosome:NC_008786.1/CP000542.1; plasmid pVEIS01:NC_008771.1/CP000543.1,,2,4884,2007-01-09T00:00:00Z,ftp://ftp.ncbi.nlm.nih.gov/genomes/all/GCA/000/015/565/GCA_000015565.1_ASM1556v1,ftp://ftp.ncbi.nlm.nih.gov/genomes/all/GCF/000/015/565/GCF_000015565.1_ASM1556v1,x
Paraburkholderia phymatum STM815,Bacteria;Proteobacteria;Betaproteobacteria,STM815,SAMN02598384,PRJNA17409,GCA_000020045.1,Complete,8.67656,62.2803,chromosome 1:NC_010622.1/CP001043.1; chromosome 2:NC_010623.1/CP001044.1; plasmid pBPHY01:NC_010625.1/CP001045.1; plasmid pBPHY02:NC_010627.1/CP001046.1,,4,7405,2008-04-22T00:00:00Z,ftp://ftp.ncbi.nlm.nih.gov/genomes/all/GCA/000/020/045/GCA_000020045.1_ASM2004v1,ftp://ftp.ncbi.nlm.nih.gov/genomes/all/GCF/000/020/045/GCF_000020045.1_ASM2004v1,x
Paraburkholderia phytofirmans PsJN,Bacteria;Proteobacteria;Betaproteobacteria,PsJN,SAMN02598395,PRJNA17463,GCA_000020125.1,Complete,8.21466,62.3159,chromosome 1:NC_010681.1/CP001052.1; chromosome 2:NC_010676.1/CP001053.1; plasmid pBPHYT01:NC_010679.1/CP001054.1,,3,7168,2008-05-07T00:00:00Z,ftp://ftp.ncbi.nlm.nih.gov/genomes/all/GCA/000/020/125/GCA_000020125.1_ASM2012v1,ftp://ftp.ncbi.nlm.nih.gov/genomes/all/GCF/000/020/125/GCF_000020125.1_ASM2012v1,x
Burkholderia ubonensis MSMB22,Bacteria;Proteobacteria;Betaproteobacteria,MSMB22,SAMN03072629,PRJNA239258,GCA_000959245.1,Complete,7.18907,67.3091,chromosome I:NZ_CP009488.1/CP009488.1; chromosome II:NZ_CP009486.1/CP009486.1; chromosome III:NZ_CP009487.1/CP009487.1,,3,6168,2015-03-20T00:00:00Z,ftp://ftp.ncbi.nlm.nih.gov/genomes/all/GCA/000/959/245/GCA_000959245.1_ASM95924v1,ftp://ftp.ncbi.nlm.nih.gov/genomes/all/GCF/000/959/245/GCF_000959245.1_ASM95924v1,x
Leptothrix cholodnii SP-6,Bacteria;Proteobacteria;Betaproteobacteria,SP-6,SAMN02598429,PRJNA20039,GCA_000019785.1,Complete,4.9094,68.9,chromosome:NC_010524.1/CP001013.1,,1,4312,2008-03-25T00:00:00Z,ftp://ftp.ncbi.nlm.nih.gov/genomes/all/GCA/000/019/785/GCA_000019785.1_ASM1978v1,ftp://ftp.ncbi.nlm.nih.gov/genomes/all/GCF/000/019/785/GCF_000019785.1_ASM1978v1,x
Paraburkholderia graminis,Bacteria;Proteobacteria;Betaproteobacteria,PHS1,SAMN07985399,PRJNA417370,GCA_003330785.1,Complete,7.50845,62.8376,chromosome PHS1_A:NZ_CP024934.1/CP024934.1; chromosome PHS1_B:NZ_CP024935.1/CP024935.1; plasmid pPHS1_P:NZ_CP024936.1/CP024936.1,,3,6510,2018-07-20T00:00:00Z,ftp://ftp.ncbi.nlm.nih.gov/genomes/all/GCA/003/330/785/GCA_003330785.1_ASM333078v1,ftp://ftp.ncbi.nlm.nih.gov/genomes/all/GCF/003/330/785/GCF_003330785.1_ASM333078v1,x
Dechloromonas aromatica RCB,Bacteria;Proteobacteria;Betaproteobacteria,RCB,SAMN02598546,PRJNA9635,GCA_000012425.1,Complete,4.5011,59.2,chromosome:NC_007298.1/CP000089.1,,1,4180,2005-08-05T00:00:00Z,ftp://ftp.ncbi.nlm.nih.gov/genomes/all/GCA/000/012/425/GCA_000012425.1_ASM1242v1,ftp://ftp.ncbi.nlm.nih.gov/genomes/all/GCF/000/012/425/GCF_000012425.1_ASM1242v1,x
Acidovorax avenae subsp. avenae ATCC 19860,Bacteria;Proteobacteria;Betaproteobacteria,ATCC 19860,SAMN00006197,PRJNA37867,GCA_000176855.2,Complete,5.48217,68.8,chromosome:NC_015138.1/CP002521.1,,1,4750,2011-02-14T00:00:00Z,ftp://ftp.ncbi.nlm.nih.gov/genomes/all/GCA/000/176/855/GCA_000176855.2_ASM17685v2,ftp://ftp.ncbi.nlm.nih.gov/genomes/all/GCF/000/176/855/GCF_000176855.2_ASM17685v2,x
Bordetella petrii,Bacteria;Proteobacteria;Betaproteobacteria,DSM 12804,SAMEA3138272,PRJNA28135,GCA_000067205.1,Complete,5.28795,65.5,chromosome:NC_010170.1/AM902716.1,,1,4884,2007-12-18T00:00:00Z,ftp://ftp.ncbi.nlm.nih.gov/genomes/all/GCA/000/067/205/GCA_000067205.1_ASM6720v1,ftp://ftp.ncbi.nlm.nih.gov/genomes/all/GCF/000/067/205/GCF_000067205.1_ASM6720v1,x
Variovorax paradoxus S110,Bacteria;Proteobacteria;Betaproteobacteria,S110,SAMN02598472,PRJNA30453,GCA_000023345.1,Complete,6.755,67.4998,chromosome 1:NC_012791.1/CP001635.1; chromosome 2:NC_012792.1/CP001636.1,,2,6305,2009-06-11T00:00:00Z,ftp://ftp.ncbi.nlm.nih.gov/genomes/all/GCA/000/023/345/GCA_000023345.1_ASM2334v1,ftp://ftp.ncbi.nlm.nih.gov/genomes/all/GCF/000/023/345/GCF_000023345.1_ASM2334v1,x
Laribacter hongkongensis HLHK9,Bacteria;Proteobacteria;Betaproteobacteria,HLHK9,SAMN02603956,PRJNA30817,GCA_000021025.1,Complete,3.16933,62.4,chromosome:NC_012559.1/CP001154.1,,1,2828,2009-04-14T00:00:00Z,ftp://ftp.ncbi.nlm.nih.gov/genomes/all/GCA/000/021/025/GCA_000021025.1_ASM2102v1,ftp://ftp.ncbi.nlm.nih.gov/genomes/all/GCF/000/021/025/GCF_000021025.1_ASM2102v1,x
Gallionella capsiferriformans ES-2,Bacteria;Proteobacteria;Betaproteobacteria,ES-2,SAMN00002572,PRJNA32827,GCA_000145255.1,Complete,3.16247,52.8,chromosome:NC_014394.1/CP002159.1,,1,2848,2010-08-11T00:00:00Z,ftp://ftp.ncbi.nlm.nih.gov/genomes/all/GCA/000/145/255/GCA_000145255.1_ASM14525v1,ftp://ftp.ncbi.nlm.nih.gov/genomes/all/GCF/000/145/255/GCF_000145255.1_ASM14525v1,x
Sideroxydans lithotrophicus ES-1,Bacteria;Proteobacteria;Betaproteobacteria,ES-1,SAMN02598496,PRJNA33161,GCA_000025705.1,Complete,3.00366,57.5,chromosome:NC_013959.1/CP001965.1,,1,2922,2010-03-26T00:00:00Z,ftp://ftp.ncbi.nlm.nih.gov/genomes/all/GCA/000/025/705/GCA_000025705.1_ASM2570v1,ftp://ftp.ncbi.nlm.nih.gov/genomes/all/GCF/000/025/705/GCF_000025705.1_ASM2570v1,x
Methylovorus glucosetrophus SIP3-4,Bacteria;Proteobacteria;Betaproteobacteria,SIP3-4,SAMN02598498,PRJNA33241,GCA_000023745.1,Complete,3.08201,54.6472,chromosome:NC_012969.1/CP001674.1; plasmid pMsip01:NC_012970.1/CP001675.1; plasmid pMsip02:NC_012972.1/CP001676.1,,3,2874,2009-07-15T00:00:00Z,ftp://ftp.ncbi.nlm.nih.gov/genomes/all/GCA/000/023/745/GCA_000023745.1_ASM2374v1,ftp://ftp.ncbi.nlm.nih.gov/genomes/all/GCF/000/023/745/GCF_000023745.1_ASM2374v1,x
Thiomonas intermedia,Bacteria;Proteobacteria;Betaproteobacteria,ATCC 15466,SAMN06197299,PRJNA359731,GCA_002028405.1,Complete,3.34343,65.0442,chromosome:NZ_CP020046.1/CP020046.1; plasmid pXI1:NZ_CP020047.1/CP020047.1,,2,3015,2017-03-15T00:00:00Z,ftp://ftp.ncbi.nlm.nih.gov/genomes/all/GCA/002/028/405/GCA_002028405.1_ASM202840v1,ftp://ftp.ncbi.nlm.nih.gov/genomes/all/GCF/002/028/405/GCF_002028405.1_ASM202840v1,x
Neisseria elongata subsp. glycolytica ATCC 29315,Bacteria;Proteobacteria;Betaproteobacteria,ATCC 29315,SAMN02797820,PRJNA247711,GCA_000818035.1,Complete,2.25665,54.3,chromosome:NZ_CP007726.1/CP007726.1,,1,2098,2015-01-14T00:00:00Z,ftp://ftp.ncbi.nlm.nih.gov/genomes/all/GCA/000/818/035/GCA_000818035.1_ASM81803v1,ftp://ftp.ncbi.nlm.nih.gov/genomes/all/GCF/000/818/035/GCF_000818035.1_ASM81803v1,x
Neisseria flavescens,Bacteria;Proteobacteria;Betaproteobacteria,ATCC 13120,SAMN11461057,PRJNA533546,GCA_005221285.1,Complete,2.23188,49,chromosome:NZ_CP039886.1/CP039886.1,,1,1988,2019-05-07T00:00:00Z,ftp://ftp.ncbi.nlm.nih.gov/genomes/all/GCA/005/221/285/GCA_005221285.1_ASM522128v1,ftp://ftp.ncbi.nlm.nih.gov/genomes/all/GCF/005/221/285/GCF_005221285.1_ASM522128v1,x
Neisseria polysaccharea,Bacteria;Proteobacteria;Betaproteobacteria,M18661,SAMN09704642,PRJNA428178,GCA_003355195.1,Complete,2.02493,52.1,chromosome:NZ_CP031325.1/CP031325.1,,1,1861,2018-08-05T00:00:00Z,ftp://ftp.ncbi.nlm.nih.gov/genomes/all/GCA/003/355/195/GCA_003355195.1_ASM335519v1,ftp://ftp.ncbi.nlm.nih.gov/genomes/all/GCF/003/355/195/GCF_003355195.1_ASM335519v1,x
Neisseria subflava,Bacteria;Proteobacteria;Betaproteobacteria,ATCC 49275,SAMN11461056,PRJNA533546,GCA_005221305.1,Complete,2.19566,49.5,chromosome:NZ_CP039887.1/CP039887.1,,1,1944,2019-05-07T00:00:00Z,ftp://ftp.ncbi.nlm.nih.gov/genomes/all/GCA/005/221/305/GCA_005221305.1_ASM522130v1,ftp://ftp.ncbi.nlm.nih.gov/genomes/all/GCF/005/221/305/GCF_005221305.1_ASM522130v1,x
Neisseria cinerea,Bacteria;Proteobacteria;Betaproteobacteria,NCTC10294,SAMEA3714889,PRJEB6403,GCA_900475315.1,Complete,1.8329,50.9,chromosome 1:NZ_LS483369.1/LS483369.1,,1,1700,2018-06-17T00:00:00Z,ftp://ftp.ncbi.nlm.nih.gov/genomes/all/GCA/900/475/315/GCA_900475315.1_43721_G02,ftp://ftp.ncbi.nlm.nih.gov/genomes/all/GCF/900/475/315/GCF_900475315.1_43721_G02,x
Oxalobacter formigenes,Bacteria;Proteobacteria;Betaproteobacteria,HC-1,SAMN06036219,PRJNA353993,GCA_002127965.1,Complete,2.46887,49.6,chromosome:NZ_CP018787.1/CP018787.1,,1,2179,2017-05-11T00:00:00Z,ftp://ftp.ncbi.nlm.nih.gov/genomes/all/GCA/002/127/965/GCA_002127965.1_ASM212796v1,ftp://ftp.ncbi.nlm.nih.gov/genomes/all/GCF/002/127/965/GCF_002127965.1_ASM212796v1,x
Achromobacter xylosoxidans,Bacteria;Proteobacteria;Betaproteobacteria,NCTC10807,SAMEA2517358,PRJEB6403,GCA_001457475.1,Complete,6.81318,67.4,chromosome 1:NZ_LN831029.1/LN831029.1,,1,6142,2015-03-22T00:00:00Z,ftp://ftp.ncbi.nlm.nih.gov/genomes/all/GCA/001/457/475/GCA_001457475.1_NCTC10807,ftp://ftp.ncbi.nlm.nih.gov/genomes/all/GCF/001/457/475/GCF_001457475.1_NCTC10807,x
Acidovorax citrulli AAC00-1,Bacteria;Proteobacteria;Betaproteobacteria,AAC00-1,SAMN02598334,PRJNA15708,GCA_000015325.1,Complete,5.35277,68.5,chromosome:NC_008752.1/CP000512.1,,1,4720,2007-01-04T00:00:00Z,ftp://ftp.ncbi.nlm.nih.gov/genomes/all/GCA/000/015/325/GCA_000015325.1_ASM1532v1,ftp://ftp.ncbi.nlm.nih.gov/genomes/all/GCF/000/015/325/GCF_000015325.1_ASM1532v1,x
Methylotenera mobilis JLW8,Bacteria;Proteobacteria;Betaproteobacteria,JLW8,SAMN00017443,PRJNA33319,GCA_000023705.1,Complete,2.54757,45.5,chromosome:NC_012968.1/CP001672.1,,1,2317,2009-07-15T00:00:00Z,ftp://ftp.ncbi.nlm.nih.gov/genomes/all/GCA/000/023/705/GCA_000023705.1_ASM2370v1,ftp://ftp.ncbi.nlm.nih.gov/genomes/all/GCF/000/023/705/GCF_000023705.1_ASM2370v1,x
Methylotenera versatilis 301,Bacteria;Proteobacteria;Betaproteobacteria,301,SAMN02598526,PRJNA39983,GCA_000093025.1,Complete,3.05987,42.6,chromosome:NC_014207.1/CP002056.1,,1,2742,2010-06-01T00:00:00Z,ftp://ftp.ncbi.nlm.nih.gov/genomes/all/GCA/000/093/025/GCA_000093025.1_ASM9302v1,ftp://ftp.ncbi.nlm.nih.gov/genomes/all/GCF/000/093/025/GCF_000093025.1_ASM9302v1,x
Alicycliphilus denitrificans K601,Bacteria;Proteobacteria;Betaproteobacteria,K601,SAMN00713606,PRJNA50751,GCA_000204645.1,Complete,5.07075,67.9137,chromosome:NC_015422.1/CP002657.1; plasmid pALIDE201:NC_015423.1/CP002658.1,,2,4687,2011-04-19T00:00:00Z,ftp://ftp.ncbi.nlm.nih.gov/genomes/all/GCA/000/204/645/GCA_000204645.1_ASM20464v1,ftp://ftp.ncbi.nlm.nih.gov/genomes/all/GCF/000/204/645/GCF_000204645.1_ASM20464v1,x
Cupriavidus necator N-1,Bacteria;Proteobacteria;Betaproteobacteria,N-1,SAMN02603269,PRJNA67893,GCA_000219215.1,Complete,8.48086,65.4817,chromosome 1:NC_015726.1/CP002877.1; chromosome 2:NC_015723.1/CP002878.1; plasmid pBB1:NC_015727.1/CP002879.1; plasmid pBB2:NC_015724.1/CP002880.1,,4,7408,2011-06-24T00:00:00Z,ftp://ftp.ncbi.nlm.nih.gov/genomes/all/GCA/000/219/215/GCA_000219215.1_ASM21921v1,ftp://ftp.ncbi.nlm.nih.gov/genomes/all/GCF/000/219/215/GCF_000219215.1_ASM21921v1,x
Simonsiella muelleri ATCC 29453,Bacteria;Proteobacteria;Betaproteobacteria,ATCC 29453,SAMN06230011,PRJNA361301,GCA_002951835.1,Complete,2.46986,41.5,chromosome:NZ_CP019448.1/CP019448.1,,1,2336,2018-02-02T00:00:00Z,ftp://ftp.ncbi.nlm.nih.gov/genomes/all/GCA/002/951/835/GCA_002951835.1_ASM295183v1,ftp://ftp.ncbi.nlm.nih.gov/genomes/all/GCF/002/951/835/GCF_002951835.1_ASM295183v1,x
Taylorella equigenitalis ATCC 35865,Bacteria;Proteobacteria;Betaproteobacteria,ATCC 35865,SAMN02604145,PRJNA73729,GCA_000276685.1,Complete,1.73212,37.3,chromosome:NC_018108.1/CP003264.1,,1,1538,2012-07-09T00:00:00Z,ftp://ftp.ncbi.nlm.nih.gov/genomes/all/GCA/000/276/685/GCA_000276685.1_ASM27668v1,ftp://ftp.ncbi.nlm.nih.gov/genomes/all/GCF/000/276/685/GCF_000276685.1_ASM27668v1,x
Lautropia mirabilis,Bacteria;Proteobacteria;Betaproteobacteria,NCTC12852,SAMEA4504063,PRJEB6403,GCA_900637555.1,Complete,3.17201,65.5,chromosome 1:NZ_LR134378.1/LR134378.1,,1,2495,2018-12-19T00:00:00Z,ftp://ftp.ncbi.nlm.nih.gov/genomes/all/GCA/900/637/555/GCA_900637555.1_51726_E01,ftp://ftp.ncbi.nlm.nih.gov/genomes/all/GCF/900/637/555/GCF_900637555.1_51726_E01,x
Paraburkholderia rhizoxinica HKI 454,Bacteria;Proteobacteria;Betaproteobacteria,HKI 454,SAMEA2272497,PRJEA51915,GCA_000198775.1,Complete,3.75014,60.6963,chromosome:NC_014722.1/FR687359.1; plasmid pBRH01:NC_014718.1/FR687360.1; plasmid pBRH02:NC_014723.1/FR687361.1,,3,2859,2010-11-15T00:00:00Z,ftp://ftp.ncbi.nlm.nih.gov/genomes/all/GCA/000/198/775/GCA_000198775.1_ASM19877v1,ftp://ftp.ncbi.nlm.nih.gov/genomes/all/GCF/000/198/775/GCF_000198775.1_ASM19877v1,x
Burkholderia gladioli,Bacteria;Proteobacteria;Betaproteobacteria,ATCC 10248,SAMN03010439,PRJNA238809,GCA_000959725.1,Complete,8.89946,67.6197,chromosome 1:NZ_CP009323.1/CP009323.1; chromosome 2:NZ_CP009322.1/CP009320.1; plasmid 1:NZ_CP009321.1/CP009323.1; plasmid 2:NZ_CP009320.1/CP009322.1; plasmid 3:NZ_CP009319.1/CP009319.1,,5,7551,2015-03-20T00:00:00Z,ftp://ftp.ncbi.nlm.nih.gov/genomes/all/GCA/000/959/725/GCA_000959725.1_ASM95972v1,ftp://ftp.ncbi.nlm.nih.gov/genomes/all/GCF/000/959/725/GCF_000959725.1_ASM95972v1,x
Advenella mimigardefordensis DPN7,Bacteria;Proteobacteria;Betaproteobacteria,DPN7,SAMN02641504,PRJNA178261,GCA_000521505.1,Complete,4.76413,54.2574,chromosome:NZ_CP003915.1/CP003915.1; plasmid 24p:NZ_CP003916.1/CP003916.1,,2,4263,2014-01-22T00:00:00Z,ftp://ftp.ncbi.nlm.nih.gov/genomes/all/GCA/000/521/505/GCA_000521505.1_ASM52150v1,ftp://ftp.ncbi.nlm.nih.gov/genomes/all/GCF/000/521/505/GCF_000521505.1_ASM52150v1,x
Neisseria weaveri,Bacteria;Proteobacteria;Betaproteobacteria,NCTC12742,SAMEA104338429,PRJEB6403,GCA_900638685.1,Complete,2.23848,49.1,chromosome 1:NZ_LR134533.1/LR134533.1,,1,2020,2018-12-19T00:00:00Z,ftp://ftp.ncbi.nlm.nih.gov/genomes/all/GCA/900/638/685/GCA_900638685.1_58882_C02,ftp://ftp.ncbi.nlm.nih.gov/genomes/all/GCF/900/638/685/GCF_900638685.1_58882_C02,x
Burkholderia cepacia ATCC 25416,Bacteria;Proteobacteria;Betaproteobacteria,UCB 717,SAMN04167160,PRJNA298860,GCA_001411495.1,Complete,8.60595,66.5956,chromosome 1:NZ_CP012981.1/CP012981.1; chromosome 2:NZ_CP012982.1/CP012982.1; chromosome 3:NZ_CP012983.1/CP012983.1; plasmid pBC25416:NZ_CP012984.1/CP012984.1,,4,7642,2015-10-22T00:00:00Z,ftp://ftp.ncbi.nlm.nih.gov/genomes/all/GCA/001/411/495/GCA_001411495.1_ASM141149v1,ftp://ftp.ncbi.nlm.nih.gov/genomes/all/GCF/001/411/495/GCF_001411495.1_ASM141149v1,x
Taylorella asinigenitalis MCE3,Bacteria;Proteobacteria;Betaproteobacteria,MCE3,SAMN02602982,PRJNA66041,GCA_000226625.1,Complete,1.63856,38.3,chromosome:NC_016043.1/CP003059.1,,1,1477,2011-09-28T00:00:00Z,ftp://ftp.ncbi.nlm.nih.gov/genomes/all/GCA/000/226/625/GCA_000226625.1_ASM22662v1,ftp://ftp.ncbi.nlm.nih.gov/genomes/all/GCF/000/226/625/GCF_000226625.1_ASM22662v1,x
Azospira oryzae PS,Bacteria;Proteobacteria;Betaproteobacteria,PS,SAMN02232011,PRJNA37693,GCA_000236665.1,Complete,3.80698,65.4,chromosome:NC_016616.1/CP003153.1,,1,3470,2011-12-05T00:00:00Z,ftp://ftp.ncbi.nlm.nih.gov/genomes/all/GCA/000/236/665/GCA_000236665.1_ASM23666v1,ftp://ftp.ncbi.nlm.nih.gov/genomes/all/GCF/000/236/665/GCF_000236665.1_ASM23666v1,x
Burkholderia plantarii,Bacteria;Proteobacteria;Betaproteobacteria,ATCC 43733,SAMN04210536,PRJNA237833,GCA_001411805.1,Complete,8.08105,68.5777,chromosome 1:NZ_CP007212.1/CP007212.1; chromosome 2:NZ_CP007213.1/CP007213.1; plasmid bpln_1p:NZ_CP007214.1/CP007214.1,,3,6715,2015-10-23T00:00:00Z,ftp://ftp.ncbi.nlm.nih.gov/genomes/all/GCA/001/411/805/GCA_001411805.1_ASM141180v1,ftp://ftp.ncbi.nlm.nih.gov/genomes/all/GCF/001/411/805/GCF_001411805.1_ASM141180v1,x
Thauera aromatica K172,Bacteria;Proteobacteria;Betaproteobacteria,K172,SAMN02370758,PRJNA222478,GCA_003030465.1,Complete,3.71179,67.2059,chromosome:NZ_CP028339.1/CP028339.1; plasmid pKJK172:NZ_CP028340.1/CP028340.1,,2,3346,2018-04-02T00:00:00Z,ftp://ftp.ncbi.nlm.nih.gov/genomes/all/GCA/003/030/465/GCA_003030465.1_ASM303046v1,ftp://ftp.ncbi.nlm.nih.gov/genomes/all/GCF/003/030/465/GCF_003030465.1_ASM303046v1,x
Herbaspirillum rubrisubalbicans,Bacteria;Proteobacteria;Betaproteobacteria,DSM 11543,SAMN03251813,PRJNA269112,GCA_003719195.1,Complete,5.61759,61.5,chromosome:NZ_CP024996.1/CP024996.1,,1,4865,2018-11-07T00:00:00Z,ftp://ftp.ncbi.nlm.nih.gov/genomes/all/GCA/003/719/195/GCA_003719195.1_ASM371919v1,ftp://ftp.ncbi.nlm.nih.gov/genomes/all/GCF/003/719/195/GCF_003719195.1_ASM371919v1,x
Rhodoferax antarcticus,Bacteria;Proteobacteria;Betaproteobacteria,DSM 24876,SAMN06118137,PRJNA356916,GCA_001955735.1,Complete,4.05544,58.871,chromosome:NZ_CP019240.1/CP019240.1; plasmid unnamed1:NZ_CP019241.1/CP019241.1; plasmid unnamed2:NZ_CP019242.1/CP019242.1,,3,3692,2017-01-18T00:00:00Z,ftp://ftp.ncbi.nlm.nih.gov/genomes/all/GCA/001/955/735/GCA_001955735.1_ASM195573v1,ftp://ftp.ncbi.nlm.nih.gov/genomes/all/GCF/001/955/735/GCF_001955735.1_ASM195573v1,x
Cupriavidus basilensis,Bacteria;Proteobacteria;Betaproteobacteria,4G11,SAMN03263054,PRJNA270374,GCA_000832305.1,Complete,8.42148,65.0222,chromosome main:NZ_CP010536.1/CP010536.1; chromosome secondary:NZ_CP010537.1/CP010537.1,,2,7386,2015-02-03T00:00:00Z,ftp://ftp.ncbi.nlm.nih.gov/genomes/all/GCA/000/832/305/GCA_000832305.1_ASM83230v1,ftp://ftp.ncbi.nlm.nih.gov/genomes/all/GCF/000/832/305/GCF_000832305.1_ASM83230v1,x
Advenella kashmirensis WT001,Bacteria;Proteobacteria;Betaproteobacteria,WT001,SAMN01940915,PRJNA67337,GCA_000219915.3,Complete,4.42388,54.7927,chromosome:NC_017964.1/CP003555.1; plasmid pWTk445:NC_017965.1/CP003556.1,,2,3176,2012-05-25T00:00:00Z,ftp://ftp.ncbi.nlm.nih.gov/genomes/all/GCA/000/219/915/GCA_000219915.3_ASM21991v3,ftp://ftp.ncbi.nlm.nih.gov/genomes/all/GCF/000/219/915/GCF_000219915.2_ASM21991v3,x
Basilea psittacipulmonis DSM 24701,Bacteria;Proteobacteria;Betaproteobacteria,DSM 24701,SAMN02940631,PRJNA256137,GCA_000743945.1,Complete,1.95907,40.3,chromosome:NZ_CP009238.1/CP009238.1,,1,1639,2014-08-27T00:00:00Z,ftp://ftp.ncbi.nlm.nih.gov/genomes/all/GCA/000/743/945/GCA_000743945.1_ASM74394v1,ftp://ftp.ncbi.nlm.nih.gov/genomes/all/GCF/000/743/945/GCF_000743945.1_ASM74394v1,x
Rubrivivax gelatinosus IL144,Bacteria;Proteobacteria;Betaproteobacteria,IL144,SAMD00061116,PRJNA62703,GCA_000284255.1,Complete,5.04325,71.2,chromosome:NC_017075.1/AP012320.1,,1,4575,2012-03-28T23:06:00Z,ftp://ftp.ncbi.nlm.nih.gov/genomes/all/GCA/000/284/255/GCA_000284255.1_ASM28425v1,ftp://ftp.ncbi.nlm.nih.gov/genomes/all/GCF/000/284/255/GCF_000284255.1_ASM28425v1,x
Burkholderia seminalis,Bacteria;Proteobacteria;Betaproteobacteria,FL-5-4-10-S1-D7,SAMN03449243,PRJNA279182,GCA_001718535.1,Complete,7.64894,67.2738,chromosome 1:NZ_CP013398.1/CP013398.1; chromosome 2:NZ_CP013400.1/CP013400.1; chromosome 3:NZ_CP013399.1/CP013399.1,,3,6748,2016-09-02T00:00:00Z,ftp://ftp.ncbi.nlm.nih.gov/genomes/all/GCA/001/718/535/GCA_001718535.1_ASM171853v1,ftp://ftp.ncbi.nlm.nih.gov/genomes/all/GCF/001/718/535/GCF_001718535.1_ASM171853v1,x
Alcaligenes faecalis,Bacteria;Proteobacteria;Betaproteobacteria,ZD02,SAMN03379009,PRJNA276624,GCA_000967305.2,Complete,4.24868,56.807,chromosome:NZ_CP013119.1/CP013119.1; plasmid pZD02:NZ_CP013143.1/CP013143.1,,2,3766,2015-11-17T00:00:00Z,ftp://ftp.ncbi.nlm.nih.gov/genomes/all/GCA/000/967/305/GCA_000967305.2_ASM96730v2,ftp://ftp.ncbi.nlm.nih.gov/genomes/all/GCF/000/967/305/GCF_000967305.2_ASM96730v2,x
Paraburkholderia caribensis,Bacteria;Proteobacteria;Betaproteobacteria,MWAP64,SAMN04031629,PRJNA294731,GCA_001449005.1,Complete,9.03212,62.5464,chromosome 1:NZ_CP013102.1/CP013104.1; chromosome 2:NZ_CP013103.1/CP013105.1; plasmid 1:NZ_CP013104.1/CP013102.1; plasmid 2:NZ_CP013105.1/CP013105.1,,4,7744,2015-11-24T00:00:00Z,ftp://ftp.ncbi.nlm.nih.gov/genomes/all/GCA/001/449/005/GCA_001449005.1_ASM144900v1,ftp://ftp.ncbi.nlm.nih.gov/genomes/all/GCF/001/449/005/GCF_001449005.1_ASM144900v1,x
Snodgrassella alvi wkB2,Bacteria;Proteobacteria;Betaproteobacteria,wkB2,SAMN03081540,PRJNA167602,GCA_000600005.1,Complete,2.52798,41.3,chromosome:NZ_CP007446.1/CP007446.1,,1,2193,2014-03-25T00:00:00Z,ftp://ftp.ncbi.nlm.nih.gov/genomes/all/GCA/000/600/005/GCA_000600005.1_ASM60000v1,ftp://ftp.ncbi.nlm.nih.gov/genomes/all/GCF/000/600/005/GCF_000600005.1_ASM60000v1,x
Paraburkholderia terrae,Bacteria;Proteobacteria;Betaproteobacteria,DSM 17804,SAMN07573572,PRJNA400792,GCA_002902925.1,Complete,10.0625,61.9388,chromosome 1:NZ_CP026111.1/CP026111.1; chromosome 2:NZ_CP026112.1/CP026112.1; chromosome 3:NZ_CP026113.1/CP026113.1; chromosome 4:NZ_CP026114.1/CP026114.1,,4,8754,2018-01-29T00:00:00Z,ftp://ftp.ncbi.nlm.nih.gov/genomes/all/GCA/002/902/925/GCA_002902925.1_ASM290292v1,ftp://ftp.ncbi.nlm.nih.gov/genomes/all/GCF/002/902/925/GCF_002902925.1_ASM290292v1,x
Sulfuricella denitrificans skB26,Bacteria;Proteobacteria;Betaproteobacteria,skB26,SAMD00061061,PRJDB82,GCA_000297055.2,Complete,3.21721,56.1162,chromosome:NC_022357.1/AP013066.1; plasmid pSCD:NC_022358.1/AP013067.1,,2,3016,2013-06-05T00:00:00Z,ftp://ftp.ncbi.nlm.nih.gov/genomes/all/GCA/000/297/055/GCA_000297055.2_ASM29705v2,ftp://ftp.ncbi.nlm.nih.gov/genomes/all/GCF/000/297/055/GCF_000297055.2_ASM29705v2,x
Burkholderia pyrrocinia,Bacteria;Proteobacteria;Betaproteobacteria,DSM 10685,SAMN03651233,PRJNA283474,GCA_001028665.1,Complete,7.96135,66.4698,chromosome 1:NZ_CP011503.1/CP011503.1; chromosome 2:NZ_CP011504.1/CP011504.1; chromosome 3:NZ_CP011505.1/CP011505.1; plasmid p2327:NZ_CP011506.1/CP011506.1,,4,6922,2015-06-12T00:00:00Z,ftp://ftp.ncbi.nlm.nih.gov/genomes/all/GCA/001/028/665/GCA_001028665.1_ASM102866v1,ftp://ftp.ncbi.nlm.nih.gov/genomes/all/GCF/001/028/665/GCF_001028665.1_ASM102866v1,x
Paraburkholderia fungorum,Bacteria;Proteobacteria;Betaproteobacteria,ATCC BAA-463,SAMN03174512,PRJNA265859,GCA_000961515.1,Complete,9.05898,61.7706,chromosome 1:NZ_CP010026.1/CP010026.1; chromosome 2:NZ_CP010027.1/CP010027.1; chromosome 3:NZ_CP010025.1/CP010025.1; plasmid pBIL:NZ_CP010024.1/CP010024.1,,4,7898,2015-03-24T00:00:00Z,ftp://ftp.ncbi.nlm.nih.gov/genomes/all/GCA/000/961/515/GCA_000961515.1_ASM96151v1,ftp://ftp.ncbi.nlm.nih.gov/genomes/all/GCF/000/961/515/GCF_000961515.1_ASM96151v1,x
Paraburkholderia caledonica,Bacteria;Proteobacteria;Betaproteobacteria,PHRS4,SAMN07985394,PRJNA417370,GCA_003330745.1,Complete,7.21116,61.9094,chromosome PHRS4_A:NZ_CP024905.1/CP024905.1; chromosome PHRS4_B:NZ_CP024906.1/CP024906.1; plasmid pPHRS4:NZ_CP024907.1/CP024907.1,,3,6042,2018-07-20T00:00:00Z,ftp://ftp.ncbi.nlm.nih.gov/genomes/all/GCA/003/330/745/GCA_003330745.1_ASM333074v1,ftp://ftp.ncbi.nlm.nih.gov/genomes/all/GCF/003/330/745/GCF_003330745.1_ASM333074v1,x
Comamonas aquatica,Bacteria;Proteobacteria;Betaproteobacteria,CJG,SAMN03083279,PRJNA262460,GCA_000935165.2, Chromosome,3.76443,64.5,chromosome:NZ_CP016603.1/CP016603.1,,1,3265,2016-08-05T00:00:00Z,ftp://ftp.ncbi.nlm.nih.gov/genomes/all/GCA/000/935/165/GCA_000935165.2_ASM93516v2,ftp://ftp.ncbi.nlm.nih.gov/genomes/all/GCF/000/935/165/GCF_000935165.2_ASM93516v2,x
Delftia tsuruhatensis,Bacteria;Proteobacteria;Betaproteobacteria,CM13,SAMN05828192,PRJNA344535,GCA_001753225.1,Complete,7.19572,66.3,chromosome:NZ_CP017420.1/CP017420.1,,1,6499,2016-10-06T00:00:00Z,ftp://ftp.ncbi.nlm.nih.gov/genomes/all/GCA/001/753/225/GCA_001753225.1_ASM175322v1,ftp://ftp.ncbi.nlm.nih.gov/genomes/all/GCF/001/753/225/GCF_001753225.1_ASM175322v1,x
Paraburkholderia phenoliruptrix BR3459a,Bacteria;Proteobacteria;Betaproteobacteria,BR3459a,SAMN02603523,PRJNA174166,GCA_000300095.1,Complete,7.65113,63.1193,chromosome 1:NC_018695.1/CP003863.1; chromosome 2:NC_018672.1/CP003864.1; plasmid pSYMBR3459:NC_018696.1/CP003865.1,,3,6505,2012-09-28T00:00:00Z,ftp://ftp.ncbi.nlm.nih.gov/genomes/all/GCA/000/300/095/GCA_000300095.1_ASM30009v1,ftp://ftp.ncbi.nlm.nih.gov/genomes/all/GCF/000/300/095/GCF_000300095.1_ASM30009v1,x
Herbaspirillum huttiense,Bacteria;Proteobacteria;Betaproteobacteria,NFYY 53159,SAMN11124440,PRJNA526970,GCA_004367745.1,Complete,5.69177,62.3,chromosome:NZ_CP037993.1/CP037993.1,,1,4966,2019-03-24T00:00:00Z,ftp://ftp.ncbi.nlm.nih.gov/genomes/all/GCA/004/367/745/GCA_004367745.1_ASM436774v1,ftp://ftp.ncbi.nlm.nih.gov/genomes/all/GCF/004/367/745/GCF_004367745.1_ASM436774v1,x
Achromobacter denitrificans,Bacteria;Proteobacteria;Betaproteobacteria,USDA-ARS-USMARC-56712,SAMN04158498,PRJNA281531,GCA_001514355.1,Complete,6.22621,67.9,chromosome:NZ_CP013923.1/CP013923.1,,1,5538,2016-01-14T00:00:00Z,ftp://ftp.ncbi.nlm.nih.gov/genomes/all/GCA/001/514/355/GCA_001514355.1_ASM151435v1,ftp://ftp.ncbi.nlm.nih.gov/genomes/all/GCF/001/514/355/GCF_001514355.1_ASM151435v1,x
Herbaspirillum hiltneri N3,Bacteria;Proteobacteria;Betaproteobacteria,N3,SAMN03010392,PRJNA182106,GCA_001267925.1,Complete,4.96547,60.8,chromosome:NZ_CP011409.1/CP011409.1,,1,4440,2015-08-17T00:00:00Z,ftp://ftp.ncbi.nlm.nih.gov/genomes/all/GCA/001/267/925/GCA_001267925.1_ASM126792v1,ftp://ftp.ncbi.nlm.nih.gov/genomes/all/GCF/001/267/925/GCF_001267925.1_ASM126792v1,x
Nitrosospira briensis C-128,Bacteria;Proteobacteria;Betaproteobacteria,C-128,SAMN02744081,PRJNA183056,GCA_000619905.2,Complete,3.21011,53.3,chromosome:NZ_CP012371.1/CP012371.1,,1,2787,2015-08-14T00:00:00Z,ftp://ftp.ncbi.nlm.nih.gov/genomes/all/GCA/000/619/905/GCA_000619905.2_ASM61990v2,ftp://ftp.ncbi.nlm.nih.gov/genomes/all/GCF/000/619/905/GCF_000619905.2_ASM61990v2,x
Sphaerotilus natans subsp. sulfidivorans,Bacteria;Proteobacteria;Betaproteobacteria,D-507,SAMN10871119,PRJNA520894,GCA_008329925.1,Complete,4.43099,69.7969,chromosome:NZ_CP035708.1/CP035708.1; plasmid pSna507_unt10:NZ_CP035710.1/CP035710.1; plasmid pSna507_unt12:NZ_CP035709.1/CP035709.1; plasmid pSna507_unt13:NZ_CP035707.1/CP035707.1,,4,3842,2019-09-09T00:00:00Z,ftp://ftp.ncbi.nlm.nih.gov/genomes/all/GCA/008/329/925/GCA_008329925.1_ASM832992v1,ftp://ftp.ncbi.nlm.nih.gov/genomes/all/GCF/008/329/925/GCF_008329925.1_ASM832992v1,x
Cupriavidus gilardii CR3,Bacteria;Proteobacteria;Betaproteobacteria,CR3,SAMN02665997,PRJNA183450,GCA_001281465.1,Complete,5.57874,67.5462,chromosome 1:NZ_CP010516.1/CP010516.1; chromosome 2:NZ_CP010517.1/CP010517.1,,2,4478,2015-09-14T00:00:00Z,ftp://ftp.ncbi.nlm.nih.gov/genomes/all/GCA/001/281/465/GCA_001281465.1_ASM128146v1,ftp://ftp.ncbi.nlm.nih.gov/genomes/all/GCF/001/281/465/GCF_001281465.1_ASM128146v1,x
Variovorax boronicumulans,Bacteria;Proteobacteria;Betaproteobacteria,J1,SAMN07569770,PRJNA400539,GCA_002291405.1,Complete,7.1379,68,chromosome:NZ_CP023284.1/CP023284.1,,1,6333,2017-09-12T00:00:00Z,ftp://ftp.ncbi.nlm.nih.gov/genomes/all/GCA/002/291/405/GCA_002291405.1_ASM229140v1,ftp://ftp.ncbi.nlm.nih.gov/genomes/all/GCF/002/291/405/GCF_002291405.1_ASM229140v1,x
Bordetella hinzii,Bacteria;Proteobacteria;Betaproteobacteria,F582,SAMN03790813,PRJNA287884,GCA_001078275.1,Complete,4.91298,67.1,chromosome:NZ_CP012076.1/CP012076.1,,1,4527,2015-07-16T00:00:00Z,ftp://ftp.ncbi.nlm.nih.gov/genomes/all/GCA/001/078/275/GCA_001078275.1_ASM107827v1,ftp://ftp.ncbi.nlm.nih.gov/genomes/all/GCF/001/078/275/GCF_001078275.1_ASM107827v1,x
Burkholderia contaminans,Bacteria;Proteobacteria;Betaproteobacteria,MS14,SAMN03135394,PRJNA263944,GCA_001029145.1,Complete,8.50925,66.3954,chromosome 1:NZ_CP009743.1/CP009743.1; chromosome 2:NZ_CP009744.1/CP009744.1; chromosome 3:NZ_CP009745.1/CP009745.1,,3,7494,2015-06-17T00:00:00Z,ftp://ftp.ncbi.nlm.nih.gov/genomes/all/GCA/001/029/145/GCA_001029145.1_ASM102914v1,ftp://ftp.ncbi.nlm.nih.gov/genomes/all/GCF/001/029/145/GCF_001029145.1_ASM102914v1,x
Aquitalea magnusonii,Bacteria;Proteobacteria;Betaproteobacteria,H3,SAMD00080950,PRJDB5811,GCA_002217795.2,Complete,4.85213,59.3,chromosome:NZ_AP018823.1/AP018823.1,,1,4447,2018-07-27T23:12:00Z,ftp://ftp.ncbi.nlm.nih.gov/genomes/all/GCA/002/217/795/GCA_002217795.2_ASM221779v2,ftp://ftp.ncbi.nlm.nih.gov/genomes/all/GCF/002/217/795/GCF_002217795.2_ASM221779v2,x
Pandoraea pnomenusa,Bacteria;Proteobacteria;Betaproteobacteria,DSM 16536,SAMN03078809,PRJNA261997,GCA_000767615.3,Complete,5.38929,64.9,chromosome:NZ_CP009553.3/CP009553.3,,1,4661,2014-10-22T00:00:00Z,ftp://ftp.ncbi.nlm.nih.gov/genomes/all/GCA/000/767/615/GCA_000767615.3_ASM76761v3,ftp://ftp.ncbi.nlm.nih.gov/genomes/all/GCF/000/767/615/GCF_000767615.3_ASM76761v3,x
Burkholderia lata,Bacteria;Proteobacteria;Betaproteobacteria,383,SAMN02598262,PRJNA10695,GCA_000012945.1,Complete,8.67628,66.262,chromosome 1:NC_007510.1/CP000151.1; chromosome 2:NC_007511.1/CP000152.1; chromosome 3:NC_007509.1/CP000150.1,,3,7692,2005-10-20T00:00:00Z,ftp://ftp.ncbi.nlm.nih.gov/genomes/all/GCA/000/012/945/GCA_000012945.1_ASM1294v1,ftp://ftp.ncbi.nlm.nih.gov/genomes/all/GCF/000/012/945/GCF_000012945.1_ASM1294v1,x
Bordetella trematum,Bacteria;Proteobacteria;Betaproteobacteria,H044680328,SAMEA3906487,PRJEB13149,GCA_900078695.1,Complete,4.48554,65.502,chromosome 1:NZ_LT546645.1/LT546645.1; plasmid 2:NZ_LT546646.1/LT546646.1,,2,4028,2016-04-07T00:00:00Z,ftp://ftp.ncbi.nlm.nih.gov/genomes/all/GCA/900/078/695/GCA_900078695.1_H044680328,ftp://ftp.ncbi.nlm.nih.gov/genomes/all/GCF/900/078/695/GCF_900078695.1_H044680328,x
Paraburkholderia sprentiae WSM5005,Bacteria;Proteobacteria;Betaproteobacteria,WSM5005,SAMN05846344,PRJNA344837,GCA_001865575.1,Complete,7.82954,63.1824,chromosome 1:NZ_CP017561.1/CP017561.1; chromosome 2:NZ_CP017562.1/CP017562.1; plasmid pl1WSM5005:NZ_CP017563.1/CP017563.1; plasmid pl2WSM5005:NZ_CP017565.1/CP017565.1; plasmid pl3WSM5005:NZ_CP017564.1/CP017564.1,,5,6701,2016-11-03T00:00:00Z,ftp://ftp.ncbi.nlm.nih.gov/genomes/all/GCA/001/865/575/GCA_001865575.1_ASM186557v1,ftp://ftp.ncbi.nlm.nih.gov/genomes/all/GCF/001/865/575/GCF_001865575.1_ASM186557v1,x
Thiomonas arsenitoxydans,Bacteria;Proteobacteria;Betaproteobacteria,3As,SAMEA2272520,PRJEA50687,GCA_000253115.1, Chromosome,3.78553,63.7592,chromosome:NC_014145.1/FP475956.1; plasmid pTHI:NC_014144.1/FP475957.1,,2,3498,2010-04-07T00:00:00Z,ftp://ftp.ncbi.nlm.nih.gov/genomes/all/GCA/000/253/115/GCA_000253115.1_ASM25311v1,ftp://ftp.ncbi.nlm.nih.gov/genomes/all/GCF/000/253/115/GCF_000253115.1_ASM25311v1,x
Castellaniella defragrans 65Phen,Bacteria;Proteobacteria;Betaproteobacteria,65Phen,SAMEA3138971,PRJEB5080,GCA_000612685.1,Complete,3.95282,68.9,chromosome I:NZ_HG916765.1/HG916765.1,,1,3477,2014-02-28T00:00:00Z,ftp://ftp.ncbi.nlm.nih.gov/genomes/all/GCA/000/612/685/GCA_000612685.1_scf7180000000004,ftp://ftp.ncbi.nlm.nih.gov/genomes/all/GCF/000/612/685/GCF_000612685.1_scf7180000000004,x
Janthinobacterium agaricidamnosum NBRC 102515 = DSM 9628,Bacteria;Proteobacteria;Betaproteobacteria,DSM 9628,SAMEA3139017,PRJEB4003,GCA_000723165.1,Complete,5.949,61.1,chromosome I:NZ_HG322949.1/HG322949.1,,1,5067,2014-01-06T00:00:00Z,ftp://ftp.ncbi.nlm.nih.gov/genomes/all/GCA/000/723/165/GCA_000723165.1_JAG1,ftp://ftp.ncbi.nlm.nih.gov/genomes/all/GCF/000/723/165/GCF_000723165.1_JAG1,x
Collimonas arenae,Bacteria;Proteobacteria;Betaproteobacteria,Ter10,SAMN04195675,PRJNA299263,GCA_001584165.1,Complete,4.72399,56.8,chromosome:NZ_CP013233.1/CP013233.1,,1,3800,2016-03-09T00:00:00Z,ftp://ftp.ncbi.nlm.nih.gov/genomes/all/GCA/001/584/165/GCA_001584165.1_ASM158416v1,ftp://ftp.ncbi.nlm.nih.gov/genomes/all/GCF/001/584/165/GCF_001584165.1_ASM158416v1,x
Pandoraea sputorum,Bacteria;Proteobacteria;Betaproteobacteria,DSM 21091,SAMN03085484,PRJNA262705,GCA_000814845.2,Complete,5.743,62.8,chromosome:NZ_CP010431.2/CP010431.2,,1,4915,2015-01-06T00:00:00Z,ftp://ftp.ncbi.nlm.nih.gov/genomes/all/GCA/000/814/845/GCA_000814845.2_ASM81484v2,ftp://ftp.ncbi.nlm.nih.gov/genomes/all/GCF/000/814/845/GCF_000814845.2_ASM81484v2,x
Pandoraea pulmonicola,Bacteria;Proteobacteria;Betaproteobacteria,DSM 16583,SAMN03263587,PRJNA270151,GCA_000815105.2,Complete,5.86762,64.3,chromosome:NZ_CP010310.2/CP010310.2,,1,4928,2015-01-06T00:00:00Z,ftp://ftp.ncbi.nlm.nih.gov/genomes/all/GCA/000/815/105/GCA_000815105.2_ASM81510v2,ftp://ftp.ncbi.nlm.nih.gov/genomes/all/GCF/000/815/105/GCF_000815105.2_ASM81510v2,x
Pandoraea apista,Bacteria;Proteobacteria;Betaproteobacteria,DSM 16535,SAMN04316586,PRJNA305052,GCA_001465595.2,Complete,5.57126,62.632,chromosome:NZ_CP013481.2/CP013481.2; plasmid unnamed:NZ_CP013482.1/CP013482.1,,2,4906,2015-12-14T00:00:00Z,ftp://ftp.ncbi.nlm.nih.gov/genomes/all/GCA/001/465/595/GCA_001465595.2_ASM146559v2,ftp://ftp.ncbi.nlm.nih.gov/genomes/all/GCF/001/465/595/GCF_001465595.2_ASM146559v2,x
Sulfuritalea hydrogenivorans sk43H,Bacteria;Proteobacteria;Betaproteobacteria,DSM 22779,SAMD00061036,PRJDB482,GCA_000828635.1,Complete,3.80265,63.3,chromosome:NZ_AP012547.1/AP012547.1,,1,3564,2014-01-07T23:03:00Z,ftp://ftp.ncbi.nlm.nih.gov/genomes/all/GCA/000/828/635/GCA_000828635.1_ASM82863v1,ftp://ftp.ncbi.nlm.nih.gov/genomes/all/GCF/000/828/635/GCF_000828635.1_ASM82863v1,x
Serpentinomonas raichei,Bacteria;Proteobacteria;Betaproteobacteria,A1,SAMD00000325,PRJDB1607,GCA_000828895.1,Complete,2.57401,66,chromosome:NZ_AP014568.1/AP014568.1,,1,2331,2014-05-17T00:00:00Z,ftp://ftp.ncbi.nlm.nih.gov/genomes/all/GCA/000/828/895/GCA_000828895.1_ASM82889v1,ftp://ftp.ncbi.nlm.nih.gov/genomes/all/GCF/000/828/895/GCF_000828895.1_ASM82889v1,x
Serpentinomonas mccroryi,Bacteria;Proteobacteria;Betaproteobacteria,B1,SAMD00000326,PRJDB1608,GCA_000828915.1,Complete,2.62324,66.0813,chromosome:NZ_AP014569.1/AP014569.1; plasmid pSMB1:NZ_AP014570.1/AP014570.1,,2,2333,2014-05-17T00:00:00Z,ftp://ftp.ncbi.nlm.nih.gov/genomes/all/GCA/000/828/915/GCA_000828915.1_ASM82891v1,ftp://ftp.ncbi.nlm.nih.gov/genomes/all/GCF/000/828/915/GCF_000828915.1_ASM82891v1,x
Pandoraea vervacti,Bacteria;Proteobacteria;Betaproteobacteria,NS15,SAMN03342424,PRJNA275368,GCA_000934605.2,Complete,5.73628,63.5703,chromosome:NZ_CP010897.2/CP010897.2; plasmid pPV15:NZ_CP010898.2/CP010898.2,,2,4807,2015-02-25T00:00:00Z,ftp://ftp.ncbi.nlm.nih.gov/genomes/all/GCA/000/934/605/GCA_000934605.2_ASM93460v2,ftp://ftp.ncbi.nlm.nih.gov/genomes/all/GCF/000/934/605/GCF_000934605.2_ASM93460v2,x
Ralstonia mannitolilytica,Bacteria;Proteobacteria;Betaproteobacteria,SN82F48,SAMN03295199,PRJNA273689,GCA_000954135.2,Complete,5.0723,65.4858,chromosome 1:NZ_CP010799.1/CP010799.2; chromosome 2:NZ_CP010800.1/CP010800.1; plasmid pRMAN01:NZ_CP010801.1/CP010801.1,,3,4631,2015-03-17T00:00:00Z,ftp://ftp.ncbi.nlm.nih.gov/genomes/all/GCA/000/954/135/GCA_000954135.2_ASM95413v2,ftp://ftp.ncbi.nlm.nih.gov/genomes/all/GCF/000/954/135/GCF_000954135.1_ASM95413v2,x
Comamonas thiooxydans,Bacteria;Proteobacteria;Betaproteobacteria,CNB-1 substr. CNB-2,SAMN02603356,PRJNA29203,GCA_000093145.2,Complete,5.37364,61.4,chromosome:NC_013446.2/CP001220.2,,1,4705,2009-10-29T00:00:00Z,ftp://ftp.ncbi.nlm.nih.gov/genomes/all/GCA/000/093/145/GCA_000093145.2_ASM9314v2,ftp://ftp.ncbi.nlm.nih.gov/genomes/all/GCF/000/093/145/GCF_000093145.3_ASM9314v2,x
Chromobacterium vaccinii,Bacteria;Proteobacteria;Betaproteobacteria,21-Jan,SAMN05761789,PRJNA342532,GCA_001855275.1,Complete,5.04123,64.3,chromosome:NZ_CP017707.1/CP017707.1,,1,4586,2016-10-27T00:00:00Z,ftp://ftp.ncbi.nlm.nih.gov/genomes/all/GCA/001/855/275/GCA_001855275.1_ASM185527v1,ftp://ftp.ncbi.nlm.nih.gov/genomes/all/GCF/001/855/275/GCF_001855275.1_ASM185527v1,x
Pandoraea oxalativorans,Bacteria;Proteobacteria;Betaproteobacteria,DSM 23570,SAMN03085480,PRJNA262701,GCA_000972785.3,Complete,6.50073,63.0653,chromosome:NZ_CP011253.3/CP011253.3; plasmid pPO70-1:NZ_CP011518.2/CP011518.2; plasmid pPO70-2:NZ_CP011519.2/CP011519.2; plasmid pPO70-3:NZ_CP011520.2/CP011520.2; plasmid pPO70-4:NZ_CP011521.2/CP011521.2,,5,5343,2015-04-16T00:00:00Z,ftp://ftp.ncbi.nlm.nih.gov/genomes/all/GCA/000/972/785/GCA_000972785.3_ASM97278v3,ftp://ftp.ncbi.nlm.nih.gov/genomes/all/GCF/000/972/785/GCF_000972785.3_ASM97278v3,x
Ferriphaselus amnicola,Bacteria;Proteobacteria;Betaproteobacteria,OYT1,SAMD00025396,PRJDB3480,GCA_000974685.2,Complete,2.71723,55.9,chromosome:NZ_AP018738.1/AP018738.1,,1,2612,2018-06-29T00:00:00Z,ftp://ftp.ncbi.nlm.nih.gov/genomes/all/GCA/000/974/685/GCA_000974685.2_FaOYT1_2.0,ftp://ftp.ncbi.nlm.nih.gov/genomes/all/GCF/000/974/685/GCF_000974685.2_FaOYT1_2.0,x
Nitrosospira lacus,Bacteria;Proteobacteria;Betaproteobacteria,APG3,SAMEA2272307,PRJEB1373,GCA_000355765.4,Complete,3.26109,53.6,chromosome:NZ_CP021106.3/CP021106.3,,1,2809,2017-05-03T00:00:00Z,ftp://ftp.ncbi.nlm.nih.gov/genomes/all/GCA/000/355/765/GCA_000355765.4_ASM35576v4,ftp://ftp.ncbi.nlm.nih.gov/genomes/all/GCF/000/355/765/GCF_000355765.4_ASM35576v4,x
Nitrosomonas communis,Bacteria;Proteobacteria;Betaproteobacteria,Nm2,SAMN03569272,PRJNA282404,GCA_001007935.1,Complete,4.06784,44.7,chromosome:NZ_CP011451.1/CP011451.1,,1,3469,2015-05-15T00:00:00Z,ftp://ftp.ncbi.nlm.nih.gov/genomes/all/GCA/001/007/935/GCA_001007935.1_ASM100793v1,ftp://ftp.ncbi.nlm.nih.gov/genomes/all/GCF/001/007/935/GCF_001007935.1_ASM100793v1,x
Polyangium brachysporum,Bacteria;Proteobacteria;Betaproteobacteria,DSM 7029,SAMN03568762,PRJNA282341,GCA_001017435.1,Complete,6.47615,67.5,chromosome:NZ_CP011371.1/CP011371.1,,1,5453,2015-06-01T00:00:00Z,ftp://ftp.ncbi.nlm.nih.gov/genomes/all/GCA/001/017/435/GCA_001017435.1_ASM101743v1,ftp://ftp.ncbi.nlm.nih.gov/genomes/all/GCF/001/017/435/GCF_001017435.1_ASM101743v1,x
Pandoraea thiooxydans,Bacteria;Proteobacteria;Betaproteobacteria,ATSB16,SAMN04433088,PRJNA309453,GCA_001931675.1,Complete,4.46418,63.2,chromosome:NZ_CP014839.1/CP014839.1,,1,4050,2017-01-04T00:00:00Z,ftp://ftp.ncbi.nlm.nih.gov/genomes/all/GCA/001/931/675/GCA_001931675.1_ASM193167v1,ftp://ftp.ncbi.nlm.nih.gov/genomes/all/GCF/001/931/675/GCF_001931675.1_ASM193167v1,x
Pandoraea faecigallinarum,Bacteria;Proteobacteria;Betaproteobacteria,DSM 23572,SAMN03769594,PRJNA286722,GCA_001029105.3,Complete,5.73266,63.45,chromosome:NZ_CP011807.3/CP011807.3; plasmid unnamed1:NZ_CP011808.2/CP011808.2; plasmid unnamed2:NZ_CP011809.2/CP011809.2,,3,4833,2015-06-17T00:00:00Z,ftp://ftp.ncbi.nlm.nih.gov/genomes/all/GCA/001/029/105/GCA_001029105.3_ASM102910v3,ftp://ftp.ncbi.nlm.nih.gov/genomes/all/GCF/001/029/105/GCF_001029105.3_ASM102910v3,x
Thauera humireducens,Bacteria;Proteobacteria;Betaproteobacteria,SgZ-1,SAMN03799235,PRJNA288381,GCA_001051995.2,Complete,4.17175,66.4,chromosome:NZ_CP014646.1/CP014646.1,,1,3810,2016-03-08T00:00:00Z,ftp://ftp.ncbi.nlm.nih.gov/genomes/all/GCA/001/051/995/GCA_001051995.2_ASM105199v2,ftp://ftp.ncbi.nlm.nih.gov/genomes/all/GCF/001/051/995/GCF_001051995.2_ASM105199v2,x
Achromobacter spanius,Bacteria;Proteobacteria;Betaproteobacteria,DSM 23806,SAMN08043154,PRJNA419110,GCA_002812705.1,Complete,6.42578,64.3,chromosome:NZ_CP025030.1/CP025030.1,,1,5658,2017-12-06T00:00:00Z,ftp://ftp.ncbi.nlm.nih.gov/genomes/all/GCA/002/812/705/GCA_002812705.1_ASM281270v1,ftp://ftp.ncbi.nlm.nih.gov/genomes/all/GCF/002/812/705/GCF_002812705.1_ASM281270v1,x
Comamonas kerstersii,Bacteria;Proteobacteria;Betaproteobacteria,8943,SAMN06562982,PRJNA378865,GCA_002056725.1,Complete,3.54792,59.6,chromosome:NZ_CP020121.1/CP020121.1,,1,3185,2017-03-21T00:00:00Z,ftp://ftp.ncbi.nlm.nih.gov/genomes/all/GCA/002/056/725/GCA_002056725.1_ASM205672v1,ftp://ftp.ncbi.nlm.nih.gov/genomes/all/GCF/002/056/725/GCF_002056725.1_ASM205672v1,x
Bordetella pseudohinzii,Bacteria;Proteobacteria;Betaproteobacteria,HI4681,SAMN05366640,PRJNA318508,GCA_001698185.1,Complete,4.55889,66.4828,chromosome:NZ_CP016440.1/CP016440.1; plasmid unnamed1:NZ_CP016441.1/CP016441.1,,2,4168,2016-08-02T00:00:00Z,ftp://ftp.ncbi.nlm.nih.gov/genomes/all/GCA/001/698/185/GCA_001698185.1_ASM169818v1,ftp://ftp.ncbi.nlm.nih.gov/genomes/all/GCF/001/698/185/GCF_001698185.1_ASM169818v1,x
Nitrosomonas ureae,Bacteria;Proteobacteria;Betaproteobacteria,Nm10,SAMN04305135,PRJNA304608,GCA_001455205.1,Complete,3.30782,44.5,chromosome:NZ_CP013341.1/CP013341.1,,1,2861,2015-12-02T00:00:00Z,ftp://ftp.ncbi.nlm.nih.gov/genomes/all/GCA/001/455/205/GCA_001455205.1_ASM145520v1,ftp://ftp.ncbi.nlm.nih.gov/genomes/all/GCF/001/455/205/GCF_001455205.1_ASM145520v1,x
Pandoraea norimbergensis,Bacteria;Proteobacteria;Betaproteobacteria,DSM 11628,SAMN04316854,PRJNA305058,GCA_001465545.3,Complete,6.16737,63.1,chromosome:NZ_CP013480.3/CP013480.3,,1,5299,2015-12-14T00:00:00Z,ftp://ftp.ncbi.nlm.nih.gov/genomes/all/GCA/001/465/545/GCA_001465545.3_ASM146554v3,ftp://ftp.ncbi.nlm.nih.gov/genomes/all/GCF/001/465/545/GCF_001465545.3_ASM146554v3,x
Roseateles depolymerans,Bacteria;Proteobacteria;Betaproteobacteria,KCTC 42856,SAMN04363976,PRJNA306798,GCA_001483865.1,Complete,5.68172,66.6,chromosome:NZ_CP013729.1/CP013729.1,,1,4779,2016-01-04T00:00:00Z,ftp://ftp.ncbi.nlm.nih.gov/genomes/all/GCA/001/483/865/GCA_001483865.1_ASM148386v1,ftp://ftp.ncbi.nlm.nih.gov/genomes/all/GCF/001/483/865/GCF_001483865.1_ASM148386v1,x
Burkholderia territorii,Bacteria;Proteobacteria;Betaproteobacteria,RF8-non-BP5,SAMN03449137,PRJNA279182,GCA_001718335.1,Complete,6.90237,66.7484,chromosome 1:NZ_CP013366.1/CP013366.1; chromosome 2:NZ_CP013365.1/CP013365.1; chromosome 3:NZ_CP013367.1/CP013367.1,,3,6046,2016-09-02T00:00:00Z,ftp://ftp.ncbi.nlm.nih.gov/genomes/all/GCA/001/718/335/GCA_001718335.1_ASM171833v1,ftp://ftp.ncbi.nlm.nih.gov/genomes/all/GCF/001/718/335/GCF_001718335.1_ASM171833v1,x
Burkholderia diffusa,Bacteria;Proteobacteria;Betaproteobacteria,RF2-non-BP9,SAMN03449129,PRJNA279182,GCA_001718315.1,Complete,6.85783,66.4604,chromosome 1:NZ_CP013362.1/CP013362.1; chromosome 2:NZ_CP013363.1/CP013363.1; chromosome 3:NZ_CP013364.1/CP013364.1,,3,6032,2016-09-02T00:00:00Z,ftp://ftp.ncbi.nlm.nih.gov/genomes/all/GCA/001/718/315/GCA_001718315.1_ASM171831v1,ftp://ftp.ncbi.nlm.nih.gov/genomes/all/GCF/001/718/315/GCF_001718315.1_ASM171831v1,x
Burkholderia pseudomultivorans,Bacteria;Proteobacteria;Betaproteobacteria,SUB-INT23-BP2,SAMN03449185,PRJNA279182,GCA_001718415.1,Complete,7.95679,67.2873,chromosome 1:NZ_CP013378.1/CP013378.1; chromosome 2:NZ_CP013377.1/CP013377.1; plasmid pINT23:NZ_CP013379.1/CP013379.1,,3,6990,2016-09-02T00:00:00Z,ftp://ftp.ncbi.nlm.nih.gov/genomes/all/GCA/001/718/415/GCA_001718415.1_ASM171841v1,ftp://ftp.ncbi.nlm.nih.gov/genomes/all/GCF/001/718/415/GCF_001718415.1_ASM171841v1,x
Burkholderia stagnalis,Bacteria;Proteobacteria;Betaproteobacteria,MSMB735WGS,SAMN03449637,PRJNA279182,GCA_001718955.1,Complete,7.58381,67.6836,chromosome 1:NZ_CP013459.1/CP013459.1; chromosome 2:NZ_CP013461.1/CP013461.1; chromosome 3:NZ_CP013460.1/CP013460.1,,3,6556,2016-09-02T00:00:00Z,ftp://ftp.ncbi.nlm.nih.gov/genomes/all/GCA/001/718/955/GCA_001718955.1_ASM171895v1,ftp://ftp.ncbi.nlm.nih.gov/genomes/all/GCF/001/718/955/GCF_001718955.1_ASM171895v1,x
Burkholderia anthina,Bacteria;Proteobacteria;Betaproteobacteria,AZ-4-2-10-S1-D7,SAMN03449213,PRJNA279182,GCA_001547525.1, Chromosome,7.27305,67.2174,chromosome 1:NZ_CM003768.1/CM003768.1; chromosome 3:NZ_CM003769.1/CM003769.1,LNJP01,4,6336,2016-02-02T00:00:00Z,ftp://ftp.ncbi.nlm.nih.gov/genomes/all/GCA/001/547/525/GCA_001547525.1_ASM154752v1,ftp://ftp.ncbi.nlm.nih.gov/genomes/all/GCF/001/547/525/GCF_001547525.1_ASM154752v1,x
Burkholderia latens,Bacteria;Proteobacteria;Betaproteobacteria,AU17928,SAMN03449404,PRJNA279182,GCA_001718795.1,Complete,6.61448,66.3874,chromosome 1:NZ_CP013435.1/CP013435.1; chromosome 2:NZ_CP013438.1/CP013438.1; chromosome 3:NZ_CP013437.1/CP013437.1; plasmid pAU17928:NZ_CP013436.1/CP013436.1,,4,5784,2016-09-02T00:00:00Z,ftp://ftp.ncbi.nlm.nih.gov/genomes/all/GCA/001/718/795/GCA_001718795.1_ASM171879v1,ftp://ftp.ncbi.nlm.nih.gov/genomes/all/GCF/001/718/795/GCF_001718795.1_ASM171879v1,x
Collimonas pratensis,Bacteria;Proteobacteria;Betaproteobacteria,Ter91,SAMN04195677,PRJNA299266,GCA_001584185.1,Complete,5.73003,58.7,chromosome:NZ_CP013234.1/CP013234.1,,1,4991,2016-03-09T00:00:00Z,ftp://ftp.ncbi.nlm.nih.gov/genomes/all/GCA/001/584/185/GCA_001584185.1_ASM158418v1,ftp://ftp.ncbi.nlm.nih.gov/genomes/all/GCF/001/584/185/GCF_001584185.1_ASM158418v1,x
Hydrogenophaga pseudoflava,Bacteria;Proteobacteria;Betaproteobacteria,DSM 1084,SAMN11056680,PRJNA525691,GCA_004353865.1,Complete,4.90597,67.0484,chromosome:NZ_CP037867.1/CP037867.1; plasmid pDSM1084:NZ_CP037868.1/CP037868.1,,2,4620,2019-03-17T00:00:00Z,ftp://ftp.ncbi.nlm.nih.gov/genomes/all/GCA/004/353/865/GCA_004353865.1_ASM435386v1,ftp://ftp.ncbi.nlm.nih.gov/genomes/all/GCF/004/353/865/GCF_004353865.1_ASM435386v1,x
Cupriavidus oxalaticus,Bacteria;Proteobacteria;Betaproteobacteria,T2,SAMN09945366,PRJNA488920,GCA_008807855.1,Complete,7.29685,66.3151,chromosome 1:NZ_CP032518.1/CP032518.1; chromosome 2:NZ_CP032519.1/CP032519.1; plasmid unnamed1:NZ_CP032520.1/CP032520.1,,3,6384,2019-10-03T00:00:00Z,ftp://ftp.ncbi.nlm.nih.gov/genomes/all/GCA/008/807/855/GCA_008807855.1_ASM880785v1,ftp://ftp.ncbi.nlm.nih.gov/genomes/all/GCF/008/807/855/GCF_008807855.1_ASM880785v1,x
Cupriavidus nantongensis,Bacteria;Proteobacteria;Betaproteobacteria,X1,SAMN04566111,PRJNA315593,GCA_001598055.1, Chromosome,7.13642,66.6959,chromosome 1:NZ_CP014844.1/CP014844.1; chromosome 2:NZ_CP014845.1/CP014845.1; plasmid unnamed:NZ_CP014846.1/CP014846.1,,3,6426,2016-03-28T00:00:00Z,ftp://ftp.ncbi.nlm.nih.gov/genomes/all/GCA/001/598/055/GCA_001598055.1_ASM159805v1,ftp://ftp.ncbi.nlm.nih.gov/genomes/all/GCF/001/598/055/GCF_001598055.1_ASM159805v1,x
Polynucleobacter duraquae,Bacteria;Proteobacteria;Betaproteobacteria,MWH-MoK4,SAMN02708862,PRJNA240713,GCA_000973625.1,Complete,2.02629,45.2,chromosome:NZ_CP007501.1/CP007501.1,,1,2034,2015-04-20T00:00:00Z,ftp://ftp.ncbi.nlm.nih.gov/genomes/all/GCA/000/973/625/GCA_000973625.1_ASM97362v1,ftp://ftp.ncbi.nlm.nih.gov/genomes/all/GCF/000/973/625/GCF_000973625.1_ASM97362v1,x
Achromobacter ruhlandii,Bacteria;Proteobacteria;Betaproteobacteria,SCCH3 ACH 33-1365,SAMN05715545,PRJNA340957,GCA_002082135.1, Chromosome,6.36668,67.6,chromosome:NZ_CP017433.1/CP017433.1,,1,5647,2016-10-06T00:00:00Z,ftp://ftp.ncbi.nlm.nih.gov/genomes/all/GCA/002/082/135/GCA_002082135.1_ASM208213v1,ftp://ftp.ncbi.nlm.nih.gov/genomes/all/GCF/002/082/135/GCF_002082135.1_ASM208213v1,x
Polynucleobacter asymbioticus QLW-P1DMWA-1,Bacteria;Proteobacteria;Betaproteobacteria,QLW-P1DMWA-1,SAMN02598371,PRJNA16679,GCA_000016345.1,Complete,2.15949,44.8,chromosome:NC_009379.1/CP000655.1,,1,2118,2007-04-12T00:00:00Z,ftp://ftp.ncbi.nlm.nih.gov/genomes/all/GCA/000/016/345/GCA_000016345.1_ASM1634v1,ftp://ftp.ncbi.nlm.nih.gov/genomes/all/GCF/000/016/345/GCF_000016345.1_ASM1634v1,x
Ralstonia insidiosa,Bacteria;Proteobacteria;Betaproteobacteria,FC1138,SAMN03795175,PRJNA288137,GCA_001653935.1,Complete,5.98776,63.6454,chromosome 1:NZ_CP012605.1/CP012605.1; chromosome 2:NZ_CP012606.1/CP012606.1; plasmid unnamed:NZ_CP012607.1/CP012607.1,,3,5379,2016-06-01T00:00:00Z,ftp://ftp.ncbi.nlm.nih.gov/genomes/all/GCA/001/653/935/GCA_001653935.1_ASM165393v1,ftp://ftp.ncbi.nlm.nih.gov/genomes/all/GCF/001/653/935/GCF_001653935.1_ASM165393v1,x
Kerstersia gyiorum,Bacteria;Proteobacteria;Betaproteobacteria,SWMUKG01,SAMN10273024,PRJNA497911,GCA_004551665.1,Complete,3.9458,62.4,chromosome:NZ_CP033936.1/CP033936.1,,1,3309,2019-04-01T00:00:00Z,ftp://ftp.ncbi.nlm.nih.gov/genomes/all/GCA/004/551/665/GCA_004551665.1_ASM455166v1,ftp://ftp.ncbi.nlm.nih.gov/genomes/all/GCF/004/551/665/GCF_004551665.1_ASM455166v1,x
Orrella dioscoreae,Bacteria;Proteobacteria;Betaproteobacteria,Orrdi1,SAMEA4026966,PRJEB13663,GCA_900089455.2,Complete,4.8481,67.4,chromosome I:NZ_LT907988.1/LT907988.1,,1,4360,2017-10-10T23:03:00Z,ftp://ftp.ncbi.nlm.nih.gov/genomes/all/GCA/900/089/455/GCA_900089455.2_OrrDiv2,ftp://ftp.ncbi.nlm.nih.gov/genomes/all/GCF/900/089/455/GCF_900089455.2_OrrDiv2,x
Bordetella flabilis,Bacteria;Proteobacteria;Betaproteobacteria,AU10664,SAMN05257178,PRJNA318508,GCA_001676725.1,Complete,5.95432,65.9427,chromosome:NZ_CP016172.1/CP016172.1; plasmid unnamed1:NZ_CP016173.1/CP016173.1,,2,5234,2016-06-27T00:00:00Z,ftp://ftp.ncbi.nlm.nih.gov/genomes/all/GCA/001/676/725/GCA_001676725.1_ASM167672v1,ftp://ftp.ncbi.nlm.nih.gov/genomes/all/GCF/001/676/725/GCF_001676725.1_ASM167672v1,x
Bordetella bronchialis,Bacteria;Proteobacteria;Betaproteobacteria,AU3182,SAMN05257177,PRJNA318508,GCA_001676705.1,Complete,5.87876,67.3,chromosome:NZ_CP016170.1/CP016170.1,,1,5081,2016-06-27T00:00:00Z,ftp://ftp.ncbi.nlm.nih.gov/genomes/all/GCA/001/676/705/GCA_001676705.1_ASM167670v1,ftp://ftp.ncbi.nlm.nih.gov/genomes/all/GCF/001/676/705/GCF_001676705.1_ASM167670v1,x
Azoarcus olearius,Bacteria;Proteobacteria;Betaproteobacteria,DQS4,SAMN03468107,PRJNA280719,GCA_001682385.1,Complete,4.45175,67.8,chromosome:NZ_CP016210.1/CP016210.1,,1,4028,2016-07-08T00:00:00Z,ftp://ftp.ncbi.nlm.nih.gov/genomes/all/GCA/001/682/385/GCA_001682385.1_ASM168238v1,ftp://ftp.ncbi.nlm.nih.gov/genomes/all/GCF/001/682/385/GCF_001682385.1_ASM168238v1,x
Burkholderia stabilis,Bacteria;Proteobacteria;Betaproteobacteria,ATCC BAA-67,SAMN05367054,PRJNA328254,GCA_001742165.1,Complete,8.52795,66.4094,chromosome 1:NZ_CP016442.1/CP016442.1; chromosome 2:NZ_CP016443.1/CP016443.1; chromosome 3:NZ_CP016444.1/CP016444.1,,3,7555,2016-09-22T00:00:00Z,ftp://ftp.ncbi.nlm.nih.gov/genomes/all/GCA/001/742/165/GCA_001742165.1_ASM174216v1,ftp://ftp.ncbi.nlm.nih.gov/genomes/all/GCF/001/742/165/GCF_001742165.1_ASM174216v1,x
Burkholderia metallica,Bacteria;Proteobacteria;Betaproteobacteria,FL-6-5-30-S1-D7,SAMN03449247,PRJNA279182,GCA_001718555.1,Complete,7.42424,67.1235,chromosome 1:NZ_CP013401.1/CP013401.1; chromosome 2:NZ_CP013403.1/CP013403.1; chromosome 3:NZ_CP013402.1/CP013402.1,,3,6489,2016-09-02T00:00:00Z,ftp://ftp.ncbi.nlm.nih.gov/genomes/all/GCA/001/718/555/GCA_001718555.1_ASM171855v1,ftp://ftp.ncbi.nlm.nih.gov/genomes/all/GCF/001/718/555/GCF_001718555.1_ASM171855v1,x
Paraburkholderia hospita,Bacteria;Proteobacteria;Betaproteobacteria,DSM 17164,SAMN07573571,PRJNA400792,GCA_002902965.1,Complete,11.5277,61.8117,chromosome 1:NZ_CP026105.1/CP026105.1; chromosome 2:NZ_CP026106.1/CP026106.1; chromosome 3:NZ_CP026107.1/CP026107.1; chromosome 4:NZ_CP026108.1/CP026108.1; chromosome 5:NZ_CP026109.1/CP026109.1; plasmid pEMT1:NZ_CP026110.1/CP026110.1,,6,9975,2018-01-29T00:00:00Z,ftp://ftp.ncbi.nlm.nih.gov/genomes/all/GCA/002/902/965/GCA_002902965.1_ASM290296v1,ftp://ftp.ncbi.nlm.nih.gov/genomes/all/GCF/002/902/965/GCF_002902965.1_ASM290296v1,x
Polynucleobacter wuianus,Bacteria;Proteobacteria;Betaproteobacteria,QLW-P1FAT50C-4,SAMN05017694,PRJNA295639,GCA_001659725.1, Chromosome,2.2322,44.9,chromosome:NZ_CP015922.1/CP015922.1,,1,2248,2016-06-08T00:00:00Z,ftp://ftp.ncbi.nlm.nih.gov/genomes/all/GCA/001/659/725/GCA_001659725.1_ASM165972v1,ftp://ftp.ncbi.nlm.nih.gov/genomes/all/GCF/001/659/725/GCF_001659725.1_ASM165972v1,x
Paraburkholderia megapolitana,Bacteria;Proteobacteria;Betaproteobacteria,LMG 23650,SAMN12264765,PRJNA554389,GCA_007556815.1,Complete,7.62759,62.0351,chromosome 1:NZ_CP041743.1/CP041743.1; chromosome 2:NZ_CP041745.1/CP041745.1; plasmid unnamed1:NZ_CP041744.1/CP041744.1,,3,6498,2019-07-27T00:00:00Z,ftp://ftp.ncbi.nlm.nih.gov/genomes/all/GCA/007/556/815/GCA_007556815.1_ASM755681v1,ftp://ftp.ncbi.nlm.nih.gov/genomes/all/GCF/007/556/815/GCF_007556815.1_ASM755681v1,x
Paraburkholderia terricola,Bacteria;Proteobacteria;Betaproteobacteria,mHS1,SAMN07985400,PRJNA417370,GCA_003330825.1,Complete,7.11804,63.6711,chromosome mHS1_A:NZ_CP024941.1/CP024941.1; chromosome mHS1_B:NZ_CP024942.1/CP024942.1,,2,6159,2018-07-20T00:00:00Z,ftp://ftp.ncbi.nlm.nih.gov/genomes/all/GCA/003/330/825/GCA_003330825.1_ASM333082v1,ftp://ftp.ncbi.nlm.nih.gov/genomes/all/GCF/003/330/825/GCF_003330825.1_ASM333082v1,x
Thauera chlorobenzoica,Bacteria;Proteobacteria;Betaproteobacteria,3CB1,SAMN06117593,PRJNA340223,GCA_001922305.1,Complete,3.73551,67.3,chromosome:NZ_CP018839.1/CP018839.1,,1,3340,2016-12-27T00:00:00Z,ftp://ftp.ncbi.nlm.nih.gov/genomes/all/GCA/001/922/305/GCA_001922305.1_ASM192230v1,ftp://ftp.ncbi.nlm.nih.gov/genomes/all/GCF/001/922/305/GCF_001922305.1_ASM192230v1,x
Burkholderia humptydooensis,Bacteria;Proteobacteria;Betaproteobacteria,MSMB122,SAMN03449261,PRJNA279182,GCA_001462435.1, Chromosome,6.78512,67.473,chromosome 1:NZ_CM003626.1/CM003626.1; chromosome 2:NZ_CM003627.1/CM003627.1,LNPD01,4,5777,2015-12-03T00:00:00Z,ftp://ftp.ncbi.nlm.nih.gov/genomes/all/GCA/001/462/435/GCA_001462435.1_ASM146243v1,ftp://ftp.ncbi.nlm.nih.gov/genomes/all/GCF/001/462/435/GCF_001462435.1_ASM146243v1,x
Massilia putida,Bacteria;Proteobacteria;Betaproteobacteria,6NM-7,SAMN06191485,PRJNA359387,GCA_001941825.1,Complete,7.52302,65.5009,chromosome:NZ_CP019038.1/CP019038.1; plasmid unnamed1:NZ_CP019036.1/CP019036.1; plasmid unnamed2:NZ_CP019037.1/CP019037.1,,3,6391,2017-01-10T00:00:00Z,ftp://ftp.ncbi.nlm.nih.gov/genomes/all/GCA/001/941/825/GCA_001941825.1_ASM194182v1,ftp://ftp.ncbi.nlm.nih.gov/genomes/all/GCF/001/941/825/GCF_001941825.1_ASM194182v1,x
Rhodoferax saidenbachensis,Bacteria;Proteobacteria;Betaproteobacteria,DSM 22694,SAMN06130150,PRJNA361194,GCA_001955715.1,Complete,4.26485,60.9,chromosome:NZ_CP019239.1/CP019239.1,,1,3970,2017-01-18T00:00:00Z,ftp://ftp.ncbi.nlm.nih.gov/genomes/all/GCA/001/955/715/GCA_001955715.1_ASM195571v1,ftp://ftp.ncbi.nlm.nih.gov/genomes/all/GCF/001/955/715/GCF_001955715.1_ASM195571v1,x
Achromobacter insolitus,Bacteria;Proteobacteria;Betaproteobacteria,DSM 23807,SAMN06174288,PRJNA358463,GCA_001971645.1,Complete,6.4927,65.1,chromosome:NZ_CP019325.1/CP019325.1,,1,5652,2017-01-26T00:00:00Z,ftp://ftp.ncbi.nlm.nih.gov/genomes/all/GCA/001/971/645/GCA_001971645.1_ASM197164v1,ftp://ftp.ncbi.nlm.nih.gov/genomes/all/GCF/001/971/645/GCF_001971645.1_ASM197164v1,x
Paenalcaligenes hominis,Bacteria;Proteobacteria;Betaproteobacteria,15S00501,SAMN06236385,PRJNA362208,GCA_002005365.1,Complete,2.6885,48.4,chromosome:NZ_CP019697.1/CP019697.1,,1,2168,2017-02-21T00:00:00Z,ftp://ftp.ncbi.nlm.nih.gov/genomes/all/GCA/002/005/365/GCA_002005365.1_ASM200536v1,ftp://ftp.ncbi.nlm.nih.gov/genomes/all/GCF/002/005/365/GCF_002005365.1_ASM200536v1,x
Pseudomonas mesoacidophila,Bacteria;Proteobacteria;Betaproteobacteria,ATCC 31433,SAMN06690200,PRJNA381873,GCA_002097715.1,Complete,7.84083,67.0758,chromosome 1:NZ_CP020737.1/CP020737.1; chromosome 2:NZ_CP020738.1/CP020738.1; chromosome 3:NZ_CP020739.1/CP020739.1; plasmid pATCC31433:NZ_CP020740.1/CP020740.1,,4,6937,2017-04-18T00:00:00Z,ftp://ftp.ncbi.nlm.nih.gov/genomes/all/GCA/002/097/715/GCA_002097715.1_ASM209771v1,ftp://ftp.ncbi.nlm.nih.gov/genomes/all/GCF/002/097/715/GCF_002097715.1_ASM209771v1,x
Neisseria canis,Bacteria;Proteobacteria;Betaproteobacteria,NCTC10296,SAMEA3871785,PRJEB6403,GCA_900636765.1,Complete,2.56939,49.7,chromosome 1:NZ_LR134313.1/LR134313.1,,1,2292,2018-12-19T00:00:00Z,ftp://ftp.ncbi.nlm.nih.gov/genomes/all/GCA/900/636/765/GCA_900636765.1_44503_A02,ftp://ftp.ncbi.nlm.nih.gov/genomes/all/GCF/900/636/765/GCF_900636765.1_44503_A02,x
Neisseria animaloris,Bacteria;Proteobacteria;Betaproteobacteria,NCTC12228,SAMEA48401668,PRJEB6403,GCA_900637855.1,Complete,2.33872,49.3,chromosome 1:NZ_LR134440.1/LR134440.1,,1,2097,2018-12-19T00:00:00Z,ftp://ftp.ncbi.nlm.nih.gov/genomes/all/GCA/900/637/855/GCA_900637855.1_52683_F03,ftp://ftp.ncbi.nlm.nih.gov/genomes/all/GCF/900/637/855/GCF_900637855.1_52683_F03,x
Neisseria zoodegmatis,Bacteria;Proteobacteria;Betaproteobacteria,NCTC12230,SAMEA4504057,PRJEB6403,GCA_900187305.1,Complete,2.55252,50.9,chromosome 1:NZ_LT906434.1/LT906434.1,,1,2251,2017-08-15T00:00:00Z,ftp://ftp.ncbi.nlm.nih.gov/genomes/all/GCA/900/187/305/GCA_900187305.1_51470_F02,ftp://ftp.ncbi.nlm.nih.gov/genomes/all/GCF/900/187/305/GCF_900187305.1_51470_F02,x
Rhizobacter gummiphilus,Bacteria;Proteobacteria;Betaproteobacteria,NS21,SAMN04621830,PRJNA317608,GCA_002116905.1,Complete,6.3981,69.7,chromosome:NZ_CP015118.1/CP015118.1,,1,5831,2017-05-02T00:00:00Z,ftp://ftp.ncbi.nlm.nih.gov/genomes/all/GCA/002/116/905/GCA_002116905.1_ASM211690v1,ftp://ftp.ncbi.nlm.nih.gov/genomes/all/GCF/002/116/905/GCF_002116905.1_ASM211690v1,x
Bordetella genomosp. 13,Bacteria;Proteobacteria;Betaproteobacteria,AU7206,SAMN06767129,PRJNA385118,GCA_002119665.1,Complete,5.38093,67.5,chromosome:NZ_CP021111.1/CP021111.1,,1,4748,2017-05-09T00:00:00Z,ftp://ftp.ncbi.nlm.nih.gov/genomes/all/GCA/002/119/665/GCA_002119665.1_ASM211966v1,ftp://ftp.ncbi.nlm.nih.gov/genomes/all/GCF/002/119/665/GCF_002119665.1_ASM211966v1,x
Bordetella genomosp. 8,Bacteria;Proteobacteria;Betaproteobacteria,AU19157,SAMN06767142,PRJNA385118,GCA_002119685.1,Complete,6.16754,66.2,chromosome:NZ_CP021108.1/CP021108.1,,1,5427,2017-05-09T00:00:00Z,ftp://ftp.ncbi.nlm.nih.gov/genomes/all/GCA/002/119/685/GCA_002119685.1_ASM211968v1,ftp://ftp.ncbi.nlm.nih.gov/genomes/all/GCF/002/119/685/GCF_002119685.1_ASM211968v1,x
Bordetella genomosp. 6,Bacteria;Proteobacteria;Betaproteobacteria,AU22978,SAMN06767144,PRJNA385118,GCA_002119705.1,Complete,5.16329,68.5,chromosome:NZ_CP021107.1/CP021107.1,,1,4769,2017-05-09T00:00:00Z,ftp://ftp.ncbi.nlm.nih.gov/genomes/all/GCA/002/119/705/GCA_002119705.1_ASM211970v1,ftp://ftp.ncbi.nlm.nih.gov/genomes/all/GCF/002/119/705/GCF_002119705.1_ASM211970v1,x
Bordetella genomosp. 9,Bacteria;Proteobacteria;Betaproteobacteria,AU17164,SAMN06767139,PRJNA385118,GCA_002119725.1,Complete,4.58737,66,chromosome:NZ_CP021109.1/CP021109.1,,1,4077,2017-05-09T00:00:00Z,ftp://ftp.ncbi.nlm.nih.gov/genomes/all/GCA/002/119/725/GCA_002119725.1_ASM211972v1,ftp://ftp.ncbi.nlm.nih.gov/genomes/all/GCF/002/119/725/GCF_002119725.1_ASM211972v1,x
Comamonas serinivorans,Bacteria;Proteobacteria;Betaproteobacteria,DSM 26136,SAMN07166496,PRJNA387990,GCA_002158865.1,Complete,4.52291,67.9,chromosome:NZ_CP021455.1/CP021455.1,,1,3757,2017-05-30T00:00:00Z,ftp://ftp.ncbi.nlm.nih.gov/genomes/all/GCA/002/158/865/GCA_002158865.1_ASM215886v1,ftp://ftp.ncbi.nlm.nih.gov/genomes/all/GCF/002/158/865/GCF_002158865.1_ASM215886v1,x
Diaphorobacter polyhydroxybutyrativorans,Bacteria;Proteobacteria;Betaproteobacteria,SL-205,SAMN05284426,PRJNA325173,GCA_002214645.1,Complete,4.06128,66.7,chromosome:NZ_CP016278.1/CP016278.1,,1,3665,2017-07-05T00:00:00Z,ftp://ftp.ncbi.nlm.nih.gov/genomes/all/GCA/002/214/645/GCA_002214645.1_ASM221464v1,ftp://ftp.ncbi.nlm.nih.gov/genomes/all/GCF/002/214/645/GCF_002214645.1_ASM221464v1,x
Vitreoscilla filiformis,Bacteria;Proteobacteria;Betaproteobacteria,ATCC 15551,SAMN07313362,PRJNA392993,GCA_002222655.1,Complete,3.78755,63.4916,chromosome:NZ_CP022423.1/CP022423.1; plasmid pVF1:NZ_CP022424.1/CP022424.1; plasmid pVF2:NZ_CP022425.1/CP022425.1,,3,3446,2017-07-20T00:00:00Z,ftp://ftp.ncbi.nlm.nih.gov/genomes/all/GCA/002/222/655/GCA_002222655.1_ASM222265v1,ftp://ftp.ncbi.nlm.nih.gov/genomes/all/GCF/002/222/655/GCF_002222655.1_ASM222265v1,x
Herminiimonas arsenitoxidans,Bacteria;Proteobacteria;Betaproteobacteria,AS8,SAMEA4545685,PRJEB17872,GCA_900130075.1,Complete,3.78432,51.3,chromosome I:NZ_LT671418.1/LT671418.1,,1,3477,2017-01-14T00:00:00Z,ftp://ftp.ncbi.nlm.nih.gov/genomes/all/GCA/900/130/075/GCA_900130075.1_Herminiimonas_arsenitoxidans,ftp://ftp.ncbi.nlm.nih.gov/genomes/all/GCF/900/130/075/GCF_900130075.1_Herminiimonas_arsenitoxidans,x
Hydrogenophaga crassostreae,Bacteria;Proteobacteria;Betaproteobacteria,LPB0072,SAMN05726019,PRJNA341556,GCA_001761385.1,Complete,4.94413,61.3,chromosome:NZ_CP017476.1/CP017476.1,,1,4480,2016-10-12T00:00:00Z,ftp://ftp.ncbi.nlm.nih.gov/genomes/all/GCA/001/761/385/GCA_001761385.1_ASM176138v1,ftp://ftp.ncbi.nlm.nih.gov/genomes/all/GCF/001/761/385/GCF_001761385.1_ASM176138v1,x
Janthinobacterium svalbardensis,Bacteria;Proteobacteria;Betaproteobacteria,PAMC 27463,SAMN07638148,PRJNA407061,GCA_002327145.1,Complete,6.27408,62.1,chromosome:NZ_CP023422.1/CP023422.1,,1,5431,2017-09-21T00:00:00Z,ftp://ftp.ncbi.nlm.nih.gov/genomes/all/GCA/002/327/145/GCA_002327145.1_ASM232714v1,ftp://ftp.ncbi.nlm.nih.gov/genomes/all/GCF/002/327/145/GCF_002327145.1_ASM232714v1,x
Neisseria animalis,Bacteria;Proteobacteria;Betaproteobacteria,NCTC10212,SAMEA3643316,PRJEB6403,GCA_900636515.1,Complete,2.24094,51.9,chromosome 1:NZ_LR134287.1/LR134287.1,,1,1969,2018-12-19T00:00:00Z,ftp://ftp.ncbi.nlm.nih.gov/genomes/all/GCA/900/636/515/GCA_900636515.1_42685_A01,ftp://ftp.ncbi.nlm.nih.gov/genomes/all/GCF/900/636/515/GCF_900636515.1_42685_A01,x
Rhodoferax koreense,Bacteria;Proteobacteria;Betaproteobacteria,DCY-110,SAMN06118135,PRJNA361193,GCA_001955695.1,Complete,5.89564,66.158,chromosome:NZ_CP019236.1/CP019236.1; plasmid unnamed1:NZ_CP019237.1/CP019237.1; plasmid unnamed2:NZ_CP019238.1/CP019238.1,,3,5353,2017-01-18T00:00:00Z,ftp://ftp.ncbi.nlm.nih.gov/genomes/all/GCA/001/955/695/GCA_001955695.1_ASM195569v1,ftp://ftp.ncbi.nlm.nih.gov/genomes/all/GCF/001/955/695/GCF_001955695.1_ASM195569v1,x
Paraburkholderia aromaticivorans,Bacteria;Proteobacteria;Betaproteobacteria,BN5,SAMN07510739,PRJNA398462,GCA_002278075.1,Complete,8.90772,62.9278,chromosome 1:NZ_CP022989.1/CP022989.1; chromosome 2:NZ_CP022990.1/CP022990.1; plasmid pBN1:NZ_CP022991.1/CP022991.1; plasmid pBN2:NZ_CP022992.1/CP022992.1; plasmid pBN3:NZ_CP022993.1/CP022993.1; plasmid pBN4:NZ_CP022994.1/CP022994.1; plasmid pBN5:NZ_CP022995.1/CP022995.1; plasmid pBN6:NZ_CP022996.1/CP022996.1,,8,7753,2017-08-30T00:00:00Z,ftp://ftp.ncbi.nlm.nih.gov/genomes/all/GCA/002/278/075/GCA_002278075.1_ASM227807v1,ftp://ftp.ncbi.nlm.nih.gov/genomes/all/GCF/002/278/075/GCF_002278075.1_ASM227807v1,x
Herbaspirillum robiniae,Bacteria;Proteobacteria;Betaproteobacteria,AA6,SAMN06130964,PRJNA357031,GCA_002025725.1,Complete,5.44527,65.1,chromosome:NZ_CP018845.1/CP018845.1,,1,4811,2017-03-13T00:00:00Z,ftp://ftp.ncbi.nlm.nih.gov/genomes/all/GCA/002/025/725/GCA_002025725.1_ASM202572v1,ftp://ftp.ncbi.nlm.nih.gov/genomes/all/GCF/002/025/725/GCF_002025725.1_ASM202572v1,x
Polynucleobacter difficilis,Bacteria;Proteobacteria;Betaproteobacteria,AM-8B5,SAMN04086706,PRJNA295639,GCA_003065365.1,Complete,1.99553,49.5,chromosome:NZ_CP023276.1/CP023276.1,,1,1988,2018-04-23T00:00:00Z,ftp://ftp.ncbi.nlm.nih.gov/genomes/all/GCA/003/065/365/GCA_003065365.1_ASM306536v1,ftp://ftp.ncbi.nlm.nih.gov/genomes/all/GCF/003/065/365/GCF_003065365.1_ASM306536v1,x
Polynucleobacter acidiphobus,Bacteria;Proteobacteria;Betaproteobacteria,MWH-PoolGreenA3,SAMN04086695,PRJNA295639,GCA_003065385.1, Chromosome,1.85174,48.2,chromosome:NZ_CP023277.1/CP023277.1,,1,1888,2018-04-23T00:00:00Z,ftp://ftp.ncbi.nlm.nih.gov/genomes/all/GCA/003/065/385/GCA_003065385.1_ASM306538v1,ftp://ftp.ncbi.nlm.nih.gov/genomes/all/GCF/003/065/385/GCF_003065385.1_ASM306538v1,x
Alcaligenes aquatilis,Bacteria;Proteobacteria;Betaproteobacteria,QD168,SAMN09984971,PRJNA489687,GCA_003671915.1,Complete,4.32388,56.3,chromosome:NZ_CP032153.1/CP032153.1,,1,3815,2018-10-22T00:00:00Z,ftp://ftp.ncbi.nlm.nih.gov/genomes/all/GCA/003/671/915/GCA_003671915.1_ASM367191v1,ftp://ftp.ncbi.nlm.nih.gov/genomes/all/GCF/003/671/915/GCF_003671915.1_ASM367191v1,x
Aquabacterium olei,Bacteria;Proteobacteria;Betaproteobacteria,NBRC 110486,SAMN09010100,PRJNA454549,GCA_003100395.1,Complete,4.25631,67.2656,chromosome:NZ_CP029210.1/CP029210.1; plasmid pTB101:NZ_CP029211.1/CP029211.1,,2,3704,2018-05-09T00:00:00Z,ftp://ftp.ncbi.nlm.nih.gov/genomes/all/GCA/003/100/395/GCA_003100395.1_ASM310039v1,ftp://ftp.ncbi.nlm.nih.gov/genomes/all/GCF/003/100/395/GCF_003100395.1_ASM310039v1,x
Azoarcus communis,Bacteria;Proteobacteria;Betaproteobacteria,TSNA42,SAMN07267283,PRJNA391379,GCA_003111665.1,Complete,4.88693,62.8,chromosome:NZ_CP022188.1/CP022188.1,,1,4354,2018-05-10T00:00:00Z,ftp://ftp.ncbi.nlm.nih.gov/genomes/all/GCA/003/111/665/GCA_003111665.1_ASM311166v1,ftp://ftp.ncbi.nlm.nih.gov/genomes/all/GCF/003/111/665/GCF_003111665.1_ASM311166v1,x
Massilia armeniaca,Bacteria;Proteobacteria;Betaproteobacteria,ZMN-3,SAMN08793633,PRJNA445560,GCA_003028855.1,Complete,6.33749,66.3,chromosome:NZ_CP028324.1/CP028324.1,,1,5182,2018-04-02T00:00:00Z,ftp://ftp.ncbi.nlm.nih.gov/genomes/all/GCA/003/028/855/GCA_003028855.1_ASM302885v1,ftp://ftp.ncbi.nlm.nih.gov/genomes/all/GCF/003/028/855/GCF_003028855.1_ASM302885v1,x
Massilia violaceinigra,Bacteria;Proteobacteria;Betaproteobacteria,B2,SAMN07786919,PRJNA414356,GCA_002752675.1,Complete,7.53006,63.4664,chromosome:NZ_CP024608.1/CP024608.1; plasmid unnamed:NZ_CP024609.1/CP024609.1,,2,6291,2017-11-06T00:00:00Z,ftp://ftp.ncbi.nlm.nih.gov/genomes/all/GCA/002/752/675/GCA_002752675.1_ASM275267v1,ftp://ftp.ncbi.nlm.nih.gov/genomes/all/GCF/002/752/675/GCF_002752675.1_ASM275267v1,x
Burkholderia insecticola,Bacteria;Proteobacteria;Betaproteobacteria,RPE64,SAMD00012854,PRJDB1103,GCA_000402035.1,Complete,6.96449,63.1457,chromosome 1:NC_021287.1/AP013058.1; chromosome 2:NC_021294.1/AP013059.1; chromosome 3:NC_021288.1/AP013060.1; plasmid p1:NC_021289.1/AP013061.1; plasmid p2:NC_021295.1/AP013062.1,,5,6255,2013-05-21T00:00:00Z,ftp://ftp.ncbi.nlm.nih.gov/genomes/all/GCA/000/402/035/GCA_000402035.1_ASM40203v1,ftp://ftp.ncbi.nlm.nih.gov/genomes/all/GCF/000/402/035/GCF_000402035.1_ASM40203v1,x
Acidovorax carolinensis,Bacteria;Proteobacteria;Betaproteobacteria,NA3,SAMN03755632,PRJNA285679,GCA_002157145.1,Complete,4.12263,64.2,chromosome 1:NZ_CP021361.1/CP021361.1,,1,3456,2017-05-24T00:00:00Z,ftp://ftp.ncbi.nlm.nih.gov/genomes/all/GCA/002/157/145/GCA_002157145.1_ASM215714v1,ftp://ftp.ncbi.nlm.nih.gov/genomes/all/GCF/002/157/145/GCF_002157145.1_ASM215714v1,x
Simplicispira suum,Bacteria;Proteobacteria;Betaproteobacteria,SC1-8,SAMN08667344,PRJNA437505,GCA_003008595.1,Complete,4.15445,63.2506,chromosome:NZ_CP027669.1/CP027669.1; plasmid unnamed1:NZ_CP027670.1/CP027670.1; plasmid unnamed2:NZ_CP027671.1/CP027671.1,,3,3714,2018-03-19T00:00:00Z,ftp://ftp.ncbi.nlm.nih.gov/genomes/all/GCA/003/008/595/GCA_003008595.1_ASM300859v1,ftp://ftp.ncbi.nlm.nih.gov/genomes/all/GCF/003/008/595/GCF_003008595.1_ASM300859v1,x
Thauera hydrothermalis,Bacteria;Proteobacteria;Betaproteobacteria,GD-2,SAMN09080914,PRJNA464302,GCA_003345255.1,Complete,3.05932,63.6,chromosome:NZ_CP029331.1/CP029331.1,,1,2803,2018-07-30T00:00:00Z,ftp://ftp.ncbi.nlm.nih.gov/genomes/all/GCA/003/345/255/GCA_003345255.1_ASM334525v1,ftp://ftp.ncbi.nlm.nih.gov/genomes/all/GCF/003/345/255/GCF_003345255.1_ASM334525v1,x
Massilia oculi,Bacteria;Proteobacteria;Betaproteobacteria,CCUG 43427,SAMN09104968,PRJNA470800,GCA_003143515.1,Complete,5.84465,65.6,chromosome:NZ_CP029343.1/CP029343.1,,1,4966,2018-05-19T00:00:00Z,ftp://ftp.ncbi.nlm.nih.gov/genomes/all/GCA/003/143/515/GCA_003143515.1_ASM314351v1,ftp://ftp.ncbi.nlm.nih.gov/genomes/all/GCF/003/143/515/GCF_003143515.1_ASM314351v1,x
Paraburkholderia caffeinilytica,Bacteria;Proteobacteria;Betaproteobacteria,CF1,SAMN09537319,PRJNA479521,GCA_003368325.1,Complete,8.32464,62.2359,chromosome 1:NZ_CP031466.1/CP031466.1; chromosome 2:NZ_CP031467.1/CP031467.1; plasmid p1:NZ_CP031468.1/CP031468.1,,3,7142,2018-08-09T00:00:00Z,ftp://ftp.ncbi.nlm.nih.gov/genomes/all/GCA/003/368/325/GCA_003368325.1_ASM336832v1,ftp://ftp.ncbi.nlm.nih.gov/genomes/all/GCF/003/368/325/GCF_003368325.1_ASM336832v1,x
Ottowia oryzae,Bacteria;Proteobacteria;Betaproteobacteria,KADR8-3,SAMN08666936,PRJNA437503,GCA_003008535.1,Complete,3.90101,66.8,chromosome:NZ_CP027666.1/CP027666.1,,1,3461,2018-03-19T00:00:00Z,ftp://ftp.ncbi.nlm.nih.gov/genomes/all/GCA/003/008/535/GCA_003008535.1_ASM300853v1,ftp://ftp.ncbi.nlm.nih.gov/genomes/all/GCF/003/008/535/GCF_003008535.1_ASM300853v1,x
Sutterella megalosphaeroides,Bacteria;Proteobacteria;Betaproteobacteria,6FBBBH3,SAMD00129657,PRJDB7182,GCA_003609995.1,Complete,2.72516,62.8,chromosome:NZ_AP018786.1/AP018786.1,,1,2061,2018-07-13T00:00:00Z,ftp://ftp.ncbi.nlm.nih.gov/genomes/all/GCA/003/609/995/GCA_003609995.1_ASM360999v1,ftp://ftp.ncbi.nlm.nih.gov/genomes/all/GCF/003/609/995/GCF_003609995.1_ASM360999v1,x
Undibacterium parvum,Bacteria;Proteobacteria;Betaproteobacteria,DSM 23061,SAMN10578767,PRJNA509320,GCA_003955735.1,Complete,4.91032,50.2,chromosome:NZ_CP034464.1/CP034464.1,,1,4174,2018-12-19T00:00:00Z,ftp://ftp.ncbi.nlm.nih.gov/genomes/all/GCA/003/955/735/GCA_003955735.1_ASM395573v1,ftp://ftp.ncbi.nlm.nih.gov/genomes/all/GCF/003/955/735/GCF_003955735.1_ASM395573v1,x
Mycoavidus cysteinexigens,Bacteria;Proteobacteria;Betaproteobacteria,B1-EB,SAMD00079759,PRJDB5716,GCA_003966915.1,Complete,2.795,48.9,chromosome:NZ_AP018150.1/AP018150.1,,1,2248,2018-05-16T00:00:00Z,ftp://ftp.ncbi.nlm.nih.gov/genomes/all/GCA/003/966/915/GCA_003966915.1_ASM396691v1,ftp://ftp.ncbi.nlm.nih.gov/genomes/all/GCF/003/966/915/GCF_003966915.1_ASM396691v1,x
Sulfuritortus calidifontis,Bacteria;Proteobacteria;Betaproteobacteria,J1A,SAMD00126344,PRJDB7001,GCA_003967275.1,Complete,2.72064,65.5,chromosome:NZ_AP018721.1/AP018721.1,,1,2690,2018-10-24T00:00:00Z,ftp://ftp.ncbi.nlm.nih.gov/genomes/all/GCA/003/967/275/GCA_003967275.1_ASM396727v1,ftp://ftp.ncbi.nlm.nih.gov/genomes/all/GCF/003/967/275/GCF_003967275.1_ASM396727v1,x
Massilia lutea,Bacteria;Proteobacteria;Betaproteobacteria,DSM 17473,SAMN10873118,PRJNA520998,GCA_004209755.1, Chromosome,7.50495,64.7,chromosome:NZ_CP035913.1/CP035913.1,,1,6059,2019-02-19T00:00:00Z,ftp://ftp.ncbi.nlm.nih.gov/genomes/all/GCA/004/209/755/GCA_004209755.1_ASM420975v1,ftp://ftp.ncbi.nlm.nih.gov/genomes/all/GCF/004/209/755/GCF_004209755.1_ASM420975v1,x
Polynucleobacter paneuropaeus,Bacteria;Proteobacteria;Betaproteobacteria,MWH-Creno-4B4,SAMN02724733,PRJNA278737,GCA_003261295.1,Complete,1.61381,46.1,chromosome:NZ_CP030086.1/CP030086.1,,1,1589,2018-06-25T00:00:00Z,ftp://ftp.ncbi.nlm.nih.gov/genomes/all/GCA/003/261/295/GCA_003261295.1_ASM326129v1,ftp://ftp.ncbi.nlm.nih.gov/genomes/all/GCF/003/261/295/GCF_003261295.1_ASM326129v1,x
Massilia albidiflava,Bacteria;Proteobacteria;Betaproteobacteria,DSM 17472,SAMN10970106,PRJNA523294,GCA_004322755.1,Complete,7.43716,65.8,chromosome:NZ_CP036401.1/CP036401.1,,1,6048,2019-03-03T00:00:00Z,ftp://ftp.ncbi.nlm.nih.gov/genomes/all/GCA/004/322/755/GCA_004322755.1_ASM432275v1,ftp://ftp.ncbi.nlm.nih.gov/genomes/all/GCF/004/322/755/GCF_004322755.1_ASM432275v1,x
Crenobacter cavernae,Bacteria;Proteobacteria;Betaproteobacteria,K1W11S-77,SAMN09726256,PRJNA483104,GCA_003355495.1, Chromosome,3.27177,65.3,chromosome:NZ_CP031337.1/CP031337.1,,1,3000,2018-08-06T00:00:00Z,ftp://ftp.ncbi.nlm.nih.gov/genomes/all/GCA/003/355/495/GCA_003355495.1_ASM335549v1,ftp://ftp.ncbi.nlm.nih.gov/genomes/all/GCF/003/355/495/GCF_003355495.1_ASM335549v1,x
Massilia plicata,Bacteria;Proteobacteria;Betaproteobacteria,DSM 17505,SAMN11096935,PRJNA526365,GCA_004421005.1,Complete,5.88762,65,chromosome:NZ_CP038026.1/CP038026.1,,1,4913,2019-03-27T00:00:00Z,ftp://ftp.ncbi.nlm.nih.gov/genomes/all/GCA/004/421/005/GCA_004421005.1_ASM442100v1,ftp://ftp.ncbi.nlm.nih.gov/genomes/all/GCF/004/421/005/GCF_004421005.1_ASM442100v1,x
Massilia umbonata,Bacteria;Proteobacteria;Betaproteobacteria,DSMZ 26121,SAMN11520691,PRJNA540070,GCA_005280315.1,Complete,7.42617,65.3,chromosome:NZ_CP040017.1/CP040017.1,,1,6080,2019-05-11T00:00:00Z,ftp://ftp.ncbi.nlm.nih.gov/genomes/all/GCA/005/280/315/GCA_005280315.1_ASM528031v1,ftp://ftp.ncbi.nlm.nih.gov/genomes/all/GCF/005/280/315/GCF_005280315.1_ASM528031v1,x
Inhella inkyongensis,Bacteria;Proteobacteria;Betaproteobacteria,IMCC1713,SAMN11834752,PRJNA544366,GCA_005952805.1,Complete,4.08441,66.2,chromosome:NZ_CP040709.1/CP040709.1,,1,3709,2019-06-04T00:00:00Z,ftp://ftp.ncbi.nlm.nih.gov/genomes/all/GCA/005/952/805/GCA_005952805.1_ASM595280v1,ftp://ftp.ncbi.nlm.nih.gov/genomes/all/GCF/005/952/805/GCF_005952805.1_ASM595280v1,x
Methylophilus medardicus,Bacteria;Proteobacteria;Betaproteobacteria,MMS-M-51,SAMN11964623,PRJNA547471,GCA_006363915.1, Chromosome,2.60308,49.8,chromosome:NZ_CP040946.1/CP040946.1,,1,2394,2019-06-19T00:00:00Z,ftp://ftp.ncbi.nlm.nih.gov/genomes/all/GCA/006/363/915/GCA_006363915.1_ASM636391v1,ftp://ftp.ncbi.nlm.nih.gov/genomes/all/GCF/006/363/915/GCF_006363915.1_ASM636391v1,x
Pandoraea fibrosis,Bacteria;Proteobacteria;Betaproteobacteria,6399,SAMN03174139,PRJNA266749,GCA_000807775.2,Complete,5.59206,62.8,chromosome:NZ_CP047385.1/CP047385.1,,1,4801,2020-01-07T00:00:00Z,ftp://ftp.ncbi.nlm.nih.gov/genomes/all/GCA/000/807/775/GCA_000807775.2_ASM80777v2,ftp://ftp.ncbi.nlm.nih.gov/genomes/all/GCF/000/807/775/GCF_000807775.2_ASM80777v2,x
Cupriavidus campinensis,Bacteria;Proteobacteria;Betaproteobacteria,MJ1,SAMN12645908,PRJNA562614,GCA_008271425.1,Complete,6.73914,65.8803,chromosome:NZ_CP043440.1/CP043440.1; plasmid unnamed1:NZ_CP043441.1/CP043441.1; plasmid unnamed2:NZ_CP043439.1/CP043439.1,,3,5544,2019-09-04T00:00:00Z,ftp://ftp.ncbi.nlm.nih.gov/genomes/all/GCA/008/271/425/GCA_008271425.1_ASM827142v1,ftp://ftp.ncbi.nlm.nih.gov/genomes/all/GCF/008/271/425/GCF_008271425.1_ASM827142v1,x
Massilia flava,Bacteria;Proteobacteria;Betaproteobacteria,DSM 26639,SAMN13508531,PRJNA594209,GCA_009789595.1,Complete,6.92203,66.5,chromosome:NZ_CP046904.1/CP046904.1,,1,5820,2019-12-22T00:00:00Z,ftp://ftp.ncbi.nlm.nih.gov/genomes/all/GCA/009/789/595/GCA_009789595.1_ASM978959v1,ftp://ftp.ncbi.nlm.nih.gov/genomes/all/GCF/009/789/595/GCF_009789595.1_ASM978959v1,x
Sulfuriferula plumbiphila,Bacteria;Proteobacteria;Betaproteobacteria,Gro7,SAMD00179561,PRJDB8550,GCA_009938015.1,Complete,3.45277,59.1,chromosome:NZ_AP021884.1/AP021884.1,,1,3368,2020-01-17T23:11:00Z,ftp://ftp.ncbi.nlm.nih.gov/genomes/all/GCA/009/938/015/GCA_009938015.1_ASM993801v1,ftp://ftp.ncbi.nlm.nih.gov/genomes/all/GCF/009/938/015/GCF_009938015.1_ASM993801v1,x
Chitinolyticbacter meiyuanensis,Bacteria;Proteobacteria;Betaproteobacteria,SYBC-H1,SAMN12169316,PRJNA551937,GCA_008033135.1,Complete,4.32596,63.5,chromosome:NZ_CP041335.1/CP041335.1,,1,4018,2019-08-20T00:00:00Z,ftp://ftp.ncbi.nlm.nih.gov/genomes/all/GCA/008/033/135/GCA_008033135.1_ASM803313v1,ftp://ftp.ncbi.nlm.nih.gov/genomes/all/GCF/008/033/135/GCF_008033135.1_ASM803313v1,x
Pigmentiphaga aceris,Bacteria;Proteobacteria;Betaproteobacteria,Mada1488,SAMN12607274,PRJNA561098,GCA_008119665.1,Complete,6.16526,61.4,chromosome:NZ_CP043046.1/CP043046.1,,1,5193,2019-08-27T00:00:00Z,ftp://ftp.ncbi.nlm.nih.gov/genomes/all/GCA/008/119/665/GCA_008119665.1_ASM811966v1,ftp://ftp.ncbi.nlm.nih.gov/genomes/all/GCF/008/119/665/GCF_008119665.1_ASM811966v1,x
Oryzomicrobium terrae,Bacteria;Proteobacteria;Betaproteobacteria,TPP412,SAMN06840935,PRJNA384495,GCA_008274805.1,Complete,3.52642,66.1,chromosome:NZ_CP022579.1/CP022579.1,,1,3090,2019-09-05T00:00:00Z,ftp://ftp.ncbi.nlm.nih.gov/genomes/all/GCA/008/274/805/GCA_008274805.1_ASM827480v1,ftp://ftp.ncbi.nlm.nih.gov/genomes/all/GCF/008/274/805/GCF_008274805.1_ASM827480v1,x
Eikenella exigua,Bacteria;Proteobacteria;Betaproteobacteria,PXX,SAMN10995776,PRJNA524080,GCA_008805035.1,Complete,1.99306,55.4021,chromosome:NZ_CP038018.1/CP038018.1; plasmid unnamed1:NZ_CP038019.1/CP038019.1,,2,1869,2019-08-19T00:00:00Z,ftp://ftp.ncbi.nlm.nih.gov/genomes/all/GCA/008/805/035/GCA_008805035.1_ASM880503v1,ftp://ftp.ncbi.nlm.nih.gov/genomes/all/GCF/008/805/035/GCF_008805035.1_ASM880503v1,x
Neisseria zalophi,Bacteria;Proteobacteria;Betaproteobacteria,ATCC BAA-2455,SAMN09853484,PRJNA486547,GCA_008807015.1,Complete,2.42369,44.6,chromosome:NZ_CP031700.1/CP031700.1,,1,2134,2019-10-03T00:00:00Z,ftp://ftp.ncbi.nlm.nih.gov/genomes/all/GCA/008/807/015/GCA_008807015.1_ASM880701v1,ftp://ftp.ncbi.nlm.nih.gov/genomes/all/GCF/008/807/015/GCF_008807015.1_ASM880701v1,x
Cupriavidus malaysiensis,Bacteria;Proteobacteria;Betaproteobacteria,USMAA1020,SAMN05904704,PRJNA348156,GCA_001854325.1,Complete,7.94945,68.4881,chromosome 1:NZ_CP017754.1/CP017754.1; chromosome 2:NZ_CP017755.1/CP017755.1; plasmid unnamed1:NZ_CP017756.1/CP017756.1,,3,6967,2016-10-26T00:00:00Z,ftp://ftp.ncbi.nlm.nih.gov/genomes/all/GCA/001/854/325/GCA_001854325.1_ASM185432v1,ftp://ftp.ncbi.nlm.nih.gov/genomes/all/GCF/001/854/325/GCF_001854325.1_ASM185432v1,x
Neisseria chenwenguii,Bacteria;Proteobacteria;Betaproteobacteria,10023,SAMN05726023,PRJNA341560,GCA_002216145.1,Complete,2.49644,54,chromosome:NZ_CP022278.1/CP022278.1,,1,2253,2017-07-10T00:00:00Z,ftp://ftp.ncbi.nlm.nih.gov/genomes/all/GCA/002/216/145/GCA_002216145.1_ASM221614v1,ftp://ftp.ncbi.nlm.nih.gov/genomes/all/GCF/002/216/145/GCF_002216145.1_ASM221614v1,x
Neisseria brasiliensis,Bacteria;Proteobacteria;Betaproteobacteria,N.177.16,SAMN13243042,PRJNA588397,GCA_009671065.1,Complete,2.61751,49.2,chromosome:NZ_CP046027.1/CP046027.1,,1,2457,2019-11-19T00:00:00Z,ftp://ftp.ncbi.nlm.nih.gov/genomes/all/GCA/009/671/065/GCA_009671065.1_ASM967106v1,ftp://ftp.ncbi.nlm.nih.gov/genomes/all/GCF/009/671/065/GCF_009671065.1_ASM967106v1,x
Paraburkholderia dokdonella,Bacteria;Proteobacteria;Betaproteobacteria,DCR13,SAMN09273370,PRJNA473399,GCA_003286395.1,Complete,4.40424,64.153,chromosome 1:NZ_CP029640.1/CP029640.1; chromosome 2:NZ_CP029641.1/CP029641.1,,2,3811,2018-06-27T00:00:00Z,ftp://ftp.ncbi.nlm.nih.gov/genomes/all/GCA/003/286/395/GCA_003286395.1_ASM328639v1,ftp://ftp.ncbi.nlm.nih.gov/genomes/all/GCF/003/286/395/GCF_003286395.1_ASM328639v1,x
Pulveribacter suum,Bacteria;Proteobacteria;Betaproteobacteria,SC2-7,SAMN08707401,PRJNA438161,GCA_003013695.1,Complete,3.35843,69.1,chromosome:NZ_CP027792.1/CP027792.1,,1,3010,2018-03-22T00:00:00Z,ftp://ftp.ncbi.nlm.nih.gov/genomes/all/GCA/003/013/695/GCA_003013695.1_ASM301369v1,ftp://ftp.ncbi.nlm.nih.gov/genomes/all/GCF/003/013/695/GCF_003013695.1_ASM301369v1,x
Ephemeroptericola cinctiostellae,Bacteria;Proteobacteria;Betaproteobacteria,F02,SAMN09640622,PRJNA480552,GCA_003339525.1,Complete,2.72341,48.3,chromosome:NZ_CP031124.1/CP031124.1,,1,2412,2018-07-25T00:00:00Z,ftp://ftp.ncbi.nlm.nih.gov/genomes/all/GCA/003/339/525/GCA_003339525.1_ASM333952v1,ftp://ftp.ncbi.nlm.nih.gov/genomes/all/GCF/003/339/525/GCF_003339525.1_ASM333952v1,x
Casimicrobium huifangae,Bacteria;Proteobacteria;Betaproteobacteria,SJ-1,SAMN12116251,PRJNA550220,GCA_009746125.1,Complete,4.4659,62.4,chromosome:NZ_CP041352.1/CP041352.1,,1,3944,2019-12-13T00:00:00Z,ftp://ftp.ncbi.nlm.nih.gov/genomes/all/GCA/009/746/125/GCA_009746125.1_ASM974612v1,ftp://ftp.ncbi.nlm.nih.gov/genomes/all/GCF/009/746/125/GCF_009746125.1_ASM974612v1,x
Aquitalea denitrificans,Bacteria;Proteobacteria;Betaproteobacteria,5YN1-3,SAMN13707219,PRJNA598530,GCA_009856625.1,Complete,4.5023,58.8,chromosome:NZ_CP047241.1/CP047241.1,,1,4041,2020-01-11T00:00:00Z,ftp://ftp.ncbi.nlm.nih.gov/genomes/all/GCA/009/856/625/GCA_009856625.1_ASM985662v1,ftp://ftp.ncbi.nlm.nih.gov/genomes/all/GCF/009/856/625/GCF_009856625.1_ASM985662v1,x
Sutterella faecalis,Bacteria;Proteobacteria;Betaproteobacteria,KGMB03119,SAMN11897248,PRJNA545582,GCA_006337085.1,Complete,2.98788,58.3,chromosome:NZ_CP040882.1/CP040882.1,,1,2386,2019-06-13T00:00:00Z,ftp://ftp.ncbi.nlm.nih.gov/genomes/all/GCA/006/337/085/GCA_006337085.1_ASM633708v1,ftp://ftp.ncbi.nlm.nih.gov/genomes/all/GCF/006/337/085/GCF_006337085.1_ASM633708v1,x
Bordetella holmesii ATCC 51541,Bacteria;Proteobacteria;Betaproteobacteria,ATCC 51541,SAMN02189846,PRJNA178410,GCA_000612485.1,Complete,3.69967,62.7,chromosome:CP007494.1,,1,3912,2014-04-04T00:00:00Z,ftp://ftp.ncbi.nlm.nih.gov/genomes/all/GCA/000/612/485/GCA_000612485.1_ASM61248v1,ftp://ftp.ncbi.nlm.nih.gov/genomes/all/GCF/000/612/485/GCF_000612485.1_ASM61248v1,x